ID_Incidente,Chave_Data,SiteID,EmployeeID,TipoIncidente,Gravidade,DiasParaResolver,CostEstimate
INC-00001,20230727,S-005,EMP-00455,Ético,Média,1,2655.67
INC-00002,20240723,S-001,EMP-00484,Segurança,Média,26,5013.6
INC-00003,20230722,S-005,EMP-00186,Segurança,Média,9,11551.12
INC-00004,20240402,S-005,EMP-00160,Ambiental,Baixa,21,2735.0
INC-00005,20231220,S-005,EMP-00161,Ético,Baixa,23,725.33
INC-00006,20230507,S-001,EMP-00162,Segurança,Alta,10,12891.9
INC-00007,20240210,S-001,EMP-00307,Ambiental,Alta,14,14552.38
INC-00008,20230125,S-001,EMP-00337,Ambiental,Baixa,25,11200.05
INC-00009,20231102,S-004,EMP-00093,Ético,Baixa,15,5132.76
INC-00010,20230322,S-002,EMP-00157,Segurança,Média,12,6719.62
INC-00011,20230817,S-003,EMP-00053,Ético,Baixa,17,10935.17
INC-00012,20241118,S-003,EMP-00199,Segurança,Média,10,19352.73
INC-00013,20230909,S-002,EMP-00400,Ambiental,Baixa,7,15411.95
INC-00014,20230915,S-005,EMP-00016,Ambiental,Alta,16,4170.26
INC-00015,20230928,S-002,EMP-00071,Ético,Baixa,12,2932.99
INC-00016,20240320,S-004,EMP-00327,Ambiental,Baixa,18,4988.73
INC-00017,20230216,S-004,EMP-00245,Ético,Alta,2,2679.9
INC-00018,20230225,S-001,EMP-00086,Segurança,Média,26,4879.05
INC-00019,20231029,S-001,EMP-00412,Ambiental,Alta,4,2320.67
INC-00020,20230726,S-005,EMP-00131,Ambiental,Baixa,15,15249.08
INC-00021,20240301,S-001,EMP-00293,Ambiental,Baixa,25,14228.94
INC-00022,20230904,S-003,EMP-00379,Ambiental,Média,15,9892.71
INC-00023,20230222,S-004,EMP-00086,Ambiental,Baixa,29,11643.44
INC-00024,20230718,S-004,EMP-00328,Ambiental,Baixa,18,15708.44
INC-00025,20230131,S-001,EMP-00371,Ambiental,Alta,25,10263.1
INC-00026,20231028,S-003,EMP-00009,Segurança,Média,4,854.6
INC-00027,20231213,S-004,EMP-00410,Segurança,Alta,16,3829.5
INC-00028,20230126,S-001,EMP-00273,Segurança,Baixa,9,11249.64
INC-00029,20230117,S-002,EMP-00287,Ético,Média,11,12718.42
INC-00030,20230317,S-005,EMP-00138,Ético,Média,7,9615.35
INC-00031,20240330,S-001,EMP-00026,Segurança,Média,9,2982.08
INC-00032,20241123,S-003,EMP-00135,Ético,Baixa,16,14893.13
INC-00033,20240127,S-001,EMP-00245,Ambiental,Alta,3,5582.11
INC-00034,20230626,S-002,EMP-00500,Ambiental,Média,23,17739.02
INC-00035,20231228,S-005,EMP-00085,Ético,Média,27,2384.87
INC-00036,20240715,S-002,EMP-00351,Segurança,Baixa,1,3831.69
INC-00037,20231203,S-003,EMP-00103,Segurança,Média,23,6775.3
INC-00038,20230110,S-002,EMP-00371,Ético,Alta,19,1574.32
INC-00039,20230513,S-004,EMP-00094,Ético,Média,3,16242.87
INC-00040,20240724,S-003,EMP-00453,Segurança,Baixa,12,4671.81
INC-00041,20241130,S-005,EMP-00212,Segurança,Baixa,12,1500.06
INC-00042,20241025,S-003,EMP-00224,Ambiental,Média,5,3369.73
INC-00043,20230624,S-002,EMP-00419,Segurança,Baixa,19,3990.68
INC-00044,20240912,S-003,EMP-00190,Ético,Baixa,15,11831.36
INC-00045,20231226,S-004,EMP-00034,Ambiental,Baixa,12,19046.01
INC-00046,20230807,S-003,EMP-00401,Ético,Baixa,8,6695.04
INC-00047,20230104,S-004,EMP-00441,Ambiental,Alta,17,11949.69
INC-00048,20240319,S-001,EMP-00445,Ético,Baixa,16,2317.96
INC-00049,20230116,S-004,EMP-00481,Segurança,Baixa,25,4891.7
INC-00050,20240726,S-001,EMP-00404,Segurança,Baixa,24,8094.41
INC-00051,20231123,S-005,EMP-00341,Ético,Baixa,20,8889.13
INC-00052,20230726,S-002,EMP-00027,Ambiental,Baixa,4,13620.67
INC-00053,20240610,S-004,EMP-00301,Ambiental,Baixa,6,6798.26
INC-00054,20230928,S-001,EMP-00409,Segurança,Média,10,7053.37
INC-00055,20240121,S-002,EMP-00051,Segurança,Baixa,20,13078.94
INC-00056,20240706,S-002,EMP-00203,Segurança,Baixa,10,18477.31
INC-00057,20241013,S-001,EMP-00385,Ambiental,Média,27,10677.34
INC-00058,20230225,S-004,EMP-00033,Segurança,Baixa,4,5997.64
INC-00059,20240329,S-005,EMP-00342,Ambiental,Baixa,17,14749.35
INC-00060,20231227,S-005,EMP-00155,Segurança,Média,15,15852.27
INC-00061,20241230,S-005,EMP-00088,Ambiental,Baixa,22,4712.79
INC-00062,20241112,S-005,EMP-00452,Ambiental,Baixa,5,11710.59
INC-00063,20240214,S-004,EMP-00457,Segurança,Alta,27,15913.41
INC-00064,20231108,S-005,EMP-00085,Ético,Média,17,19908.76
INC-00065,20240908,S-005,EMP-00248,Ambiental,Alta,17,10531.44
INC-00066,20240209,S-003,EMP-00059,Segurança,Baixa,4,16179.83
INC-00067,20230918,S-004,EMP-00015,Ambiental,Alta,18,18069.42
INC-00068,20240126,S-004,EMP-00039,Segurança,Média,6,7624.86
INC-00069,20230313,S-005,EMP-00301,Ambiental,Média,21,17802.64
INC-00070,20241218,S-005,EMP-00380,Ambiental,Média,17,5638.96
INC-00071,20240225,S-005,EMP-00395,Segurança,Média,17,15726.34
INC-00072,20240221,S-002,EMP-00157,Segurança,Média,3,10515.22
INC-00073,20240809,S-004,EMP-00486,Ambiental,Baixa,21,6636.17
INC-00074,20241114,S-001,EMP-00100,Ético,Média,12,15040.85
INC-00075,20240612,S-003,EMP-00094,Ambiental,Alta,10,10441.99
INC-00076,20240914,S-001,EMP-00360,Segurança,Baixa,26,7200.95
INC-00077,20230721,S-003,EMP-00413,Segurança,Média,12,2930.75
INC-00078,20230114,S-001,EMP-00248,Segurança,Baixa,13,9691.18
INC-00079,20230122,S-004,EMP-00420,Ético,Baixa,14,604.36
INC-00080,20230423,S-003,EMP-00065,Ético,Média,6,2669.49
INC-00081,20230202,S-005,EMP-00151,Ambiental,Alta,18,1747.67
INC-00082,20230110,S-003,EMP-00369,Ambiental,Baixa,12,8896.4
INC-00083,20231021,S-003,EMP-00341,Segurança,Média,6,7497.74
INC-00084,20230427,S-001,EMP-00247,Ético,Alta,8,13837.23
INC-00085,20230131,S-001,EMP-00408,Ético,Baixa,15,546.97
INC-00086,20231130,S-005,EMP-00139,Segurança,Baixa,28,2439.38
INC-00087,20240721,S-004,EMP-00262,Ético,Baixa,28,15644.99
INC-00088,20240213,S-005,EMP-00290,Ético,Baixa,16,6195.41
INC-00089,20240526,S-003,EMP-00217,Segurança,Baixa,13,1276.8
INC-00090,20230215,S-004,EMP-00022,Segurança,Baixa,29,11375.81
INC-00091,20241101,S-002,EMP-00089,Segurança,Média,13,10863.1
INC-00092,20240901,S-001,EMP-00252,Segurança,Baixa,28,19052.59
INC-00093,20230603,S-001,EMP-00117,Segurança,Baixa,13,10967.61
INC-00094,20240131,S-004,EMP-00485,Ético,Média,3,9643.09
INC-00095,20240202,S-003,EMP-00104,Ambiental,Baixa,20,7124.2
INC-00096,20231012,S-004,EMP-00316,Ambiental,Média,10,12514.55
INC-00097,20240803,S-001,EMP-00075,Segurança,Média,25,9278.35
INC-00098,20230422,S-004,EMP-00057,Ético,Baixa,14,960.04
INC-00099,20240415,S-005,EMP-00032,Segurança,Média,10,18668.84
INC-00100,20241102,S-005,EMP-00140,Ambiental,Baixa,24,8138.6
INC-00101,20230530,S-003,EMP-00482,Ambiental,Baixa,18,6411.54
INC-00102,20230603,S-003,EMP-00007,Segurança,Média,9,11049.47
INC-00103,20240706,S-004,EMP-00430,Ético,Baixa,21,3435.28
INC-00104,20230117,S-005,EMP-00023,Ético,Baixa,13,13534.88
INC-00105,20240829,S-005,EMP-00057,Ético,Média,26,10810.89
INC-00106,20240310,S-002,EMP-00209,Ambiental,Baixa,22,10411.06
INC-00107,20241101,S-005,EMP-00286,Ético,Média,23,6950.68
INC-00108,20240824,S-004,EMP-00029,Segurança,Baixa,14,6922.1
INC-00109,20241215,S-002,EMP-00009,Ético,Alta,7,13578.82
INC-00110,20230603,S-003,EMP-00063,Segurança,Média,25,15303.9
INC-00111,20230623,S-005,EMP-00058,Segurança,Média,29,12551.75
INC-00112,20230526,S-004,EMP-00385,Ético,Baixa,1,2128.59
INC-00113,20231230,S-004,EMP-00170,Ambiental,Baixa,29,17592.48
INC-00114,20231016,S-005,EMP-00276,Ambiental,Média,14,12145.27
INC-00115,20230302,S-004,EMP-00005,Segurança,Média,6,807.84
INC-00116,20230326,S-002,EMP-00493,Ético,Baixa,17,11798.76
INC-00117,20240927,S-004,EMP-00044,Ético,Média,22,15720.05
INC-00118,20230710,S-003,EMP-00318,Ético,Baixa,4,2237.81
INC-00119,20240201,S-004,EMP-00435,Ético,Baixa,5,11015.38
INC-00120,20230227,S-001,EMP-00413,Ético,Média,28,13431.08
INC-00121,20241123,S-002,EMP-00184,Ambiental,Baixa,28,15063.7
INC-00122,20231219,S-005,EMP-00365,Segurança,Média,10,11280.71
INC-00123,20240127,S-004,EMP-00278,Ético,Baixa,2,18145.66
INC-00124,20230411,S-005,EMP-00120,Ético,Baixa,3,14532.17
INC-00125,20230416,S-004,EMP-00301,Segurança,Baixa,15,8846.5
INC-00126,20230617,S-005,EMP-00435,Segurança,Alta,2,5624.15
INC-00127,20241103,S-001,EMP-00459,Ambiental,Alta,2,19063.52
INC-00128,20231207,S-005,EMP-00176,Ético,Baixa,13,14566.16
INC-00129,20241117,S-005,EMP-00467,Ético,Baixa,18,5928.49
INC-00130,20240324,S-002,EMP-00147,Ambiental,Média,15,946.39
INC-00131,20230325,S-005,EMP-00306,Segurança,Baixa,8,8916.4
INC-00132,20240317,S-004,EMP-00394,Segurança,Média,8,1591.07
INC-00133,20230906,S-003,EMP-00342,Ético,Baixa,28,3632.06
INC-00134,20240120,S-002,EMP-00358,Ambiental,Alta,8,14709.35
INC-00135,20240619,S-005,EMP-00488,Segurança,Média,28,13209.81
INC-00136,20230324,S-002,EMP-00382,Segurança,Baixa,10,12721.8
INC-00137,20230924,S-003,EMP-00113,Ambiental,Alta,5,7155.47
INC-00138,20240116,S-004,EMP-00358,Ambiental,Baixa,14,11642.54
INC-00139,20231120,S-003,EMP-00318,Ambiental,Baixa,28,11783.71
INC-00140,20231130,S-004,EMP-00111,Ambiental,Baixa,15,7670.04
INC-00141,20230325,S-002,EMP-00403,Ambiental,Baixa,16,1401.42
INC-00142,20240209,S-002,EMP-00371,Segurança,Alta,9,6475.32
INC-00143,20240208,S-002,EMP-00329,Segurança,Média,28,18869.12
INC-00144,20231123,S-001,EMP-00322,Segurança,Baixa,23,1066.09
INC-00145,20230913,S-002,EMP-00141,Ético,Baixa,6,7864.5
INC-00146,20240612,S-001,EMP-00068,Segurança,Baixa,1,1323.45
INC-00147,20240411,S-001,EMP-00076,Segurança,Baixa,2,17924.7
INC-00148,20241004,S-001,EMP-00397,Ambiental,Baixa,17,15522.8
INC-00149,20240626,S-003,EMP-00352,Ambiental,Média,6,9078.01
INC-00150,20241110,S-005,EMP-00296,Ambiental,Média,27,15538.3
INC-00151,20230118,S-003,EMP-00327,Ético,Baixa,19,18167.06
INC-00152,20240510,S-003,EMP-00156,Ético,Média,13,15294.98
INC-00153,20230326,S-003,EMP-00210,Ético,Alta,1,15747.05
INC-00154,20240205,S-005,EMP-00097,Ambiental,Média,13,4226.95
INC-00155,20231209,S-005,EMP-00383,Ambiental,Alta,8,622.35
INC-00156,20240419,S-005,EMP-00065,Segurança,Alta,27,3564.8
INC-00157,20231022,S-002,EMP-00101,Segurança,Média,3,7664.53
INC-00158,20240104,S-004,EMP-00424,Ambiental,Alta,29,18959.82
INC-00159,20241013,S-001,EMP-00435,Ambiental,Média,16,910.72
INC-00160,20230220,S-003,EMP-00207,Ético,Alta,6,2654.15
INC-00161,20230523,S-001,EMP-00279,Ético,Baixa,26,12284.19
INC-00162,20231108,S-002,EMP-00141,Ambiental,Baixa,29,18795.71
INC-00163,20230105,S-003,EMP-00307,Segurança,Média,23,15459.75
INC-00164,20231012,S-003,EMP-00201,Segurança,Baixa,8,8902.29
INC-00165,20230212,S-004,EMP-00058,Ético,Baixa,19,11397.43
INC-00166,20240214,S-004,EMP-00118,Ético,Média,28,17277.91
INC-00167,20230422,S-001,EMP-00106,Ambiental,Baixa,3,5714.16
INC-00168,20231220,S-003,EMP-00395,Ambiental,Baixa,29,3332.94
INC-00169,20230311,S-003,EMP-00093,Segurança,Média,3,4114.09
INC-00170,20241010,S-004,EMP-00088,Ambiental,Baixa,1,17035.47
INC-00171,20240717,S-004,EMP-00231,Segurança,Baixa,6,12767.06
INC-00172,20241006,S-004,EMP-00384,Ambiental,Alta,23,10145.8
INC-00173,20240401,S-004,EMP-00474,Segurança,Baixa,18,11388.74
INC-00174,20240726,S-005,EMP-00082,Ético,Média,1,2361.76
INC-00175,20231019,S-005,EMP-00060,Segurança,Média,23,2413.53
INC-00176,20240510,S-004,EMP-00370,Segurança,Alta,10,10822.28
INC-00177,20240620,S-005,EMP-00450,Ambiental,Média,11,3542.21
INC-00178,20231205,S-001,EMP-00296,Ético,Média,19,3826.87
INC-00179,20230907,S-002,EMP-00209,Ambiental,Baixa,12,11319.69
INC-00180,20240803,S-005,EMP-00193,Segurança,Baixa,9,15328.29
INC-00181,20230621,S-003,EMP-00341,Ambiental,Baixa,3,10305.69
INC-00182,20230610,S-003,EMP-00205,Ético,Média,25,12092.32
INC-00183,20231228,S-004,EMP-00416,Ambiental,Média,25,11669.36
INC-00184,20230415,S-002,EMP-00030,Segurança,Baixa,11,15714.36
INC-00185,20240531,S-002,EMP-00104,Ambiental,Baixa,11,8048.84
INC-00186,20240625,S-003,EMP-00448,Ético,Alta,19,8229.67
INC-00187,20230813,S-005,EMP-00353,Ético,Baixa,11,17178.9
INC-00188,20230914,S-004,EMP-00301,Segurança,Alta,1,2366.56
INC-00189,20240103,S-001,EMP-00359,Ambiental,Baixa,29,1041.21
INC-00190,20240623,S-001,EMP-00010,Ético,Baixa,21,12666.93
INC-00191,20230222,S-005,EMP-00033,Segurança,Baixa,8,13490.82
INC-00192,20230927,S-004,EMP-00158,Segurança,Média,23,5522.68
INC-00193,20240420,S-003,EMP-00077,Ético,Baixa,21,8116.22
INC-00194,20230612,S-005,EMP-00454,Ético,Baixa,6,14171.94
INC-00195,20240516,S-003,EMP-00012,Ambiental,Alta,6,17229.19
INC-00196,20231124,S-003,EMP-00123,Ambiental,Baixa,11,17111.08
INC-00197,20240320,S-005,EMP-00166,Ambiental,Baixa,18,2732.32
INC-00198,20230806,S-004,EMP-00042,Segurança,Média,21,19167.58
INC-00199,20240912,S-003,EMP-00324,Ético,Média,22,10787.69
INC-00200,20230510,S-005,EMP-00467,Segurança,Alta,2,14897.07
INC-00201,20240923,S-005,EMP-00171,Ético,Média,12,855.2
INC-00202,20230309,S-002,EMP-00008,Ético,Média,27,4739.85
INC-00203,20230830,S-001,EMP-00364,Segurança,Baixa,17,14876.96
INC-00204,20240702,S-005,EMP-00310,Ambiental,Baixa,24,18112.63
INC-00205,20230226,S-004,EMP-00313,Ético,Baixa,27,17769.76
INC-00206,20230311,S-005,EMP-00155,Ético,Média,22,12032.01
INC-00207,20230608,S-003,EMP-00284,Ambiental,Média,25,4609.01
INC-00208,20231112,S-003,EMP-00365,Ético,Média,25,12008.08
INC-00209,20241019,S-003,EMP-00032,Ambiental,Baixa,23,3892.91
INC-00210,20240924,S-004,EMP-00382,Segurança,Alta,23,19364.96
INC-00211,20230611,S-003,EMP-00054,Segurança,Média,13,6779.47
INC-00212,20241115,S-004,EMP-00235,Ambiental,Alta,20,2570.11
INC-00213,20241031,S-003,EMP-00053,Segurança,Baixa,20,6800.24
INC-00214,20230112,S-005,EMP-00483,Ambiental,Baixa,9,5450.03
INC-00215,20230301,S-002,EMP-00359,Ético,Média,10,2239.16
INC-00216,20240822,S-005,EMP-00181,Ético,Baixa,1,7722.98
INC-00217,20240309,S-003,EMP-00032,Ético,Baixa,12,18130.93
INC-00218,20230216,S-003,EMP-00068,Segurança,Alta,27,6913.52
INC-00219,20240503,S-005,EMP-00103,Ético,Baixa,23,11583.45
INC-00220,20230505,S-003,EMP-00392,Ético,Alta,2,4194.69
INC-00221,20240910,S-001,EMP-00295,Ético,Média,1,10122.78
INC-00222,20230324,S-005,EMP-00021,Ambiental,Baixa,14,18675.84
INC-00223,20240918,S-005,EMP-00031,Ambiental,Baixa,12,2621.79
INC-00224,20230527,S-003,EMP-00183,Segurança,Baixa,4,3676.99
INC-00225,20230325,S-003,EMP-00177,Segurança,Baixa,1,3664.81
INC-00226,20230906,S-005,EMP-00187,Ético,Alta,6,11324.89
INC-00227,20240801,S-004,EMP-00438,Ambiental,Alta,28,16164.76
INC-00228,20230717,S-005,EMP-00041,Ambiental,Média,16,6778.15
INC-00229,20240226,S-001,EMP-00085,Ético,Média,1,11982.52
INC-00230,20230813,S-005,EMP-00270,Ambiental,Baixa,7,13726.68
INC-00231,20230109,S-001,EMP-00229,Ético,Baixa,22,18783.25
INC-00232,20231128,S-005,EMP-00443,Ético,Baixa,11,4946.36
INC-00233,20230327,S-002,EMP-00074,Segurança,Média,23,3473.14
INC-00234,20230721,S-005,EMP-00289,Segurança,Alta,8,17737.86
INC-00235,20240906,S-005,EMP-00031,Ético,Baixa,3,898.12
INC-00236,20230901,S-004,EMP-00244,Ambiental,Média,4,1126.13
INC-00237,20240804,S-001,EMP-00263,Ético,Baixa,23,17728.04
INC-00238,20240907,S-004,EMP-00275,Ético,Média,3,6070.74
INC-00239,20231122,S-001,EMP-00373,Ambiental,Baixa,9,9486.03
INC-00240,20240617,S-003,EMP-00036,Ético,Média,20,2428.74
INC-00241,20230923,S-004,EMP-00104,Ético,Baixa,9,4848.79
INC-00242,20231229,S-005,EMP-00471,Segurança,Baixa,3,10600.28
INC-00243,20240720,S-002,EMP-00046,Segurança,Média,6,4630.14
INC-00244,20240922,S-005,EMP-00355,Ambiental,Baixa,20,8290.41
INC-00245,20231009,S-001,EMP-00396,Ético,Alta,18,9339.57
INC-00246,20230601,S-005,EMP-00314,Ambiental,Baixa,3,17101.23
INC-00247,20231011,S-001,EMP-00402,Ético,Baixa,15,9977.89
INC-00248,20230228,S-005,EMP-00158,Segurança,Baixa,11,18709.64
INC-00249,20230220,S-003,EMP-00289,Ambiental,Baixa,14,19084.4
INC-00250,20240606,S-001,EMP-00201,Ambiental,Baixa,23,3753.97
INC-00251,20240107,S-003,EMP-00134,Segurança,Alta,21,15930.38
INC-00252,20231212,S-003,EMP-00010,Segurança,Baixa,13,8728.72
INC-00253,20231227,S-001,EMP-00370,Ético,Alta,13,1833.17
INC-00254,20231017,S-001,EMP-00002,Ambiental,Alta,4,16542.89
INC-00255,20230502,S-001,EMP-00188,Ético,Média,25,8095.06
INC-00256,20230520,S-004,EMP-00310,Segurança,Baixa,18,9716.98
INC-00257,20240121,S-002,EMP-00270,Ambiental,Baixa,17,6652.37
INC-00258,20230413,S-003,EMP-00442,Ético,Baixa,10,10642.26
INC-00259,20230117,S-003,EMP-00180,Ético,Baixa,18,6700.72
INC-00260,20241023,S-005,EMP-00030,Segurança,Baixa,17,1659.95
INC-00261,20230302,S-001,EMP-00169,Ético,Alta,1,16527.18
INC-00262,20241209,S-004,EMP-00239,Ético,Baixa,15,9809.22
INC-00263,20240326,S-002,EMP-00138,Ambiental,Média,6,9544.0
INC-00264,20240930,S-001,EMP-00069,Segurança,Alta,18,11916.03
INC-00265,20240728,S-003,EMP-00279,Ambiental,Alta,8,10123.72
INC-00266,20230820,S-003,EMP-00405,Ético,Baixa,7,9374.84
INC-00267,20240505,S-002,EMP-00034,Segurança,Baixa,14,5387.74
INC-00268,20240310,S-003,EMP-00111,Ético,Baixa,23,9123.91
INC-00269,20230623,S-005,EMP-00203,Ambiental,Média,8,9512.19
INC-00270,20241031,S-004,EMP-00236,Ético,Alta,29,1357.53
INC-00271,20240325,S-003,EMP-00395,Segurança,Alta,19,16731.72
INC-00272,20241210,S-004,EMP-00367,Ambiental,Média,14,11996.12
INC-00273,20240315,S-004,EMP-00152,Segurança,Baixa,12,10260.46
INC-00274,20240416,S-004,EMP-00094,Ambiental,Baixa,11,17905.54
INC-00275,20240726,S-003,EMP-00216,Ambiental,Baixa,3,6912.09
INC-00276,20230116,S-005,EMP-00335,Ambiental,Baixa,12,18220.95
INC-00277,20230222,S-005,EMP-00168,Ambiental,Baixa,1,8211.99
INC-00278,20240904,S-003,EMP-00300,Ético,Baixa,26,11710.52
INC-00279,20241107,S-001,EMP-00034,Segurança,Alta,5,13958.89
INC-00280,20231015,S-002,EMP-00228,Segurança,Alta,17,14947.87
INC-00281,20240131,S-003,EMP-00024,Ético,Média,2,7340.5
INC-00282,20231210,S-003,EMP-00039,Segurança,Alta,11,12051.51
INC-00283,20240504,S-002,EMP-00429,Segurança,Baixa,4,7111.82
INC-00284,20230302,S-002,EMP-00133,Ambiental,Baixa,18,17341.8
INC-00285,20230521,S-001,EMP-00049,Ambiental,Baixa,24,4197.35
INC-00286,20240606,S-005,EMP-00464,Ambiental,Baixa,28,19207.04
INC-00287,20240530,S-003,EMP-00335,Ético,Média,17,19819.02
INC-00288,20230406,S-003,EMP-00193,Ambiental,Alta,2,18572.46
INC-00289,20240714,S-004,EMP-00278,Segurança,Alta,5,13975.61
INC-00290,20240817,S-002,EMP-00124,Ambiental,Média,15,15215.13
INC-00291,20240627,S-003,EMP-00381,Ambiental,Alta,5,1760.08
INC-00292,20241114,S-004,EMP-00480,Segurança,Baixa,11,5612.44
INC-00293,20230916,S-002,EMP-00277,Ético,Baixa,5,13524.32
INC-00294,20230221,S-002,EMP-00024,Segurança,Baixa,7,3887.61
INC-00295,20230618,S-005,EMP-00443,Segurança,Baixa,4,9965.48
INC-00296,20230221,S-005,EMP-00006,Ético,Média,29,9878.89
INC-00297,20240809,S-002,EMP-00444,Ético,Baixa,9,5715.24
INC-00298,20231012,S-003,EMP-00362,Ético,Baixa,11,3573.01
INC-00299,20240420,S-004,EMP-00312,Segurança,Média,20,3938.63
INC-00300,20230107,S-004,EMP-00432,Ético,Baixa,15,2295.5
INC-00301,20241204,S-001,EMP-00110,Ético,Baixa,27,3927.07
INC-00302,20240810,S-004,EMP-00150,Ético,Baixa,21,12596.74
INC-00303,20230518,S-001,EMP-00467,Ambiental,Baixa,18,1169.28
INC-00304,20231019,S-005,EMP-00358,Ambiental,Baixa,14,15557.42
INC-00305,20240603,S-001,EMP-00473,Ético,Baixa,12,14125.51
INC-00306,20231207,S-002,EMP-00481,Ambiental,Baixa,28,14501.54
INC-00307,20240502,S-005,EMP-00261,Segurança,Média,26,7856.68
INC-00308,20240106,S-005,EMP-00095,Ético,Alta,12,19363.58
INC-00309,20240707,S-002,EMP-00048,Ambiental,Média,2,19830.63
INC-00310,20240105,S-002,EMP-00177,Ético,Baixa,10,5441.13
INC-00311,20241223,S-004,EMP-00482,Ético,Baixa,12,7305.87
INC-00312,20241009,S-005,EMP-00180,Ético,Baixa,5,8470.65
INC-00313,20230913,S-001,EMP-00197,Ambiental,Alta,16,802.65
INC-00314,20241022,S-001,EMP-00085,Ambiental,Média,1,1304.72
INC-00315,20240324,S-001,EMP-00458,Segurança,Baixa,8,17977.72
INC-00316,20230206,S-001,EMP-00108,Ético,Média,3,11444.08
INC-00317,20230211,S-001,EMP-00122,Segurança,Alta,14,6169.79
INC-00318,20230323,S-005,EMP-00297,Segurança,Baixa,25,13181.17
INC-00319,20231020,S-002,EMP-00070,Ético,Média,13,7324.71
INC-00320,20240511,S-004,EMP-00446,Ambiental,Média,15,15981.36
INC-00321,20230323,S-001,EMP-00394,Segurança,Média,4,7314.75
INC-00322,20231226,S-001,EMP-00028,Ético,Média,23,1652.03
INC-00323,20231210,S-003,EMP-00328,Ambiental,Baixa,13,7292.81
INC-00324,20231016,S-004,EMP-00393,Segurança,Alta,19,14251.44
INC-00325,20240702,S-001,EMP-00276,Segurança,Média,24,3950.98
INC-00326,20231207,S-002,EMP-00269,Ambiental,Alta,6,15568.85
INC-00327,20240310,S-001,EMP-00499,Ético,Baixa,26,9952.47
INC-00328,20241009,S-003,EMP-00498,Ético,Baixa,17,10373.55
INC-00329,20230405,S-003,EMP-00443,Ético,Média,6,11704.9
INC-00330,20230602,S-003,EMP-00266,Segurança,Média,15,15767.63
INC-00331,20240603,S-002,EMP-00399,Ético,Baixa,26,15857.1
INC-00332,20240120,S-005,EMP-00211,Segurança,Alta,19,6705.22
INC-00333,20240307,S-001,EMP-00420,Ambiental,Média,1,17363.84
INC-00334,20240902,S-004,EMP-00246,Ético,Baixa,9,7268.69
INC-00335,20240102,S-002,EMP-00448,Segurança,Média,29,17473.97
INC-00336,20230928,S-003,EMP-00185,Ambiental,Baixa,18,12076.36
INC-00337,20240825,S-003,EMP-00270,Segurança,Média,9,11503.92
INC-00338,20240617,S-002,EMP-00224,Segurança,Média,22,5950.02
INC-00339,20230716,S-004,EMP-00329,Segurança,Baixa,13,8962.27
INC-00340,20230904,S-003,EMP-00040,Ético,Baixa,22,2788.46
INC-00341,20230315,S-001,EMP-00226,Ético,Média,9,15979.83
INC-00342,20230517,S-003,EMP-00386,Ambiental,Baixa,10,11750.97
INC-00343,20230118,S-002,EMP-00023,Segurança,Média,22,7186.23
INC-00344,20240715,S-003,EMP-00118,Ambiental,Baixa,18,13690.08
INC-00345,20241219,S-003,EMP-00233,Ético,Baixa,11,12432.82
INC-00346,20240607,S-003,EMP-00063,Segurança,Alta,8,2490.12
INC-00347,20240108,S-001,EMP-00022,Ético,Média,20,6468.54
INC-00348,20240818,S-003,EMP-00365,Ambiental,Baixa,21,4450.39
INC-00349,20241105,S-002,EMP-00098,Ético,Média,4,11299.46
INC-00350,20240627,S-001,EMP-00435,Ético,Baixa,4,3698.46
INC-00351,20241123,S-003,EMP-00298,Ambiental,Baixa,1,7903.47
INC-00352,20240219,S-005,EMP-00335,Segurança,Baixa,25,11311.64
INC-00353,20240630,S-005,EMP-00291,Ético,Alta,15,4337.96
INC-00354,20240918,S-004,EMP-00049,Ambiental,Baixa,19,6782.93
INC-00355,20230402,S-002,EMP-00279,Ambiental,Alta,19,16923.25
INC-00356,20240604,S-003,EMP-00046,Ético,Baixa,8,19598.21
INC-00357,20231206,S-002,EMP-00072,Ético,Baixa,17,11459.5
INC-00358,20231114,S-002,EMP-00367,Segurança,Alta,7,19679.5
INC-00359,20240508,S-004,EMP-00240,Ambiental,Alta,16,11655.36
INC-00360,20240723,S-002,EMP-00367,Segurança,Baixa,27,14314.07
INC-00361,20230517,S-003,EMP-00044,Ambiental,Alta,20,9821.99
INC-00362,20240210,S-002,EMP-00113,Ambiental,Média,9,5117.54
INC-00363,20240903,S-003,EMP-00469,Ambiental,Alta,1,11979.2
INC-00364,20241221,S-005,EMP-00209,Ambiental,Baixa,7,13350.53
INC-00365,20230404,S-001,EMP-00454,Ético,Baixa,22,9701.31
INC-00366,20230812,S-005,EMP-00337,Ambiental,Baixa,3,16489.78
INC-00367,20230912,S-004,EMP-00321,Ético,Baixa,23,8330.76
INC-00368,20230906,S-001,EMP-00390,Segurança,Média,21,10894.4
INC-00369,20230623,S-002,EMP-00126,Ético,Média,24,11944.34
INC-00370,20230110,S-002,EMP-00011,Segurança,Média,7,8093.08
INC-00371,20240822,S-003,EMP-00046,Ambiental,Média,25,5125.29
INC-00372,20230709,S-001,EMP-00230,Ético,Baixa,4,12270.8
INC-00373,20230516,S-001,EMP-00198,Ético,Alta,7,12917.03
INC-00374,20240316,S-004,EMP-00016,Segurança,Média,13,5338.87
INC-00375,20240810,S-002,EMP-00107,Segurança,Alta,2,13486.64
INC-00376,20241214,S-004,EMP-00275,Segurança,Baixa,12,1117.87
INC-00377,20241221,S-004,EMP-00486,Ambiental,Baixa,13,6796.59
INC-00378,20240522,S-005,EMP-00213,Segurança,Alta,2,6028.38
INC-00379,20241012,S-002,EMP-00076,Segurança,Baixa,19,9262.45
INC-00380,20240404,S-002,EMP-00369,Segurança,Baixa,16,11260.24
INC-00381,20231025,S-002,EMP-00414,Ético,Alta,17,7527.13
INC-00382,20240524,S-005,EMP-00316,Ambiental,Baixa,25,8059.22
INC-00383,20240928,S-001,EMP-00315,Ético,Alta,11,6803.58
INC-00384,20230929,S-003,EMP-00073,Ambiental,Baixa,7,15118.69
INC-00385,20240211,S-003,EMP-00032,Ambiental,Média,24,15848.14
INC-00386,20241012,S-005,EMP-00304,Segurança,Alta,12,8672.47
INC-00387,20230515,S-002,EMP-00320,Segurança,Média,20,8010.85
INC-00388,20241006,S-001,EMP-00018,Ético,Média,13,14222.97
INC-00389,20231215,S-004,EMP-00238,Segurança,Baixa,26,1119.92
INC-00390,20230505,S-005,EMP-00132,Ético,Média,20,3071.06
INC-00391,20240705,S-003,EMP-00041,Ambiental,Média,17,15347.36
INC-00392,20231030,S-002,EMP-00185,Ambiental,Baixa,11,11723.95
INC-00393,20230929,S-003,EMP-00185,Ambiental,Média,13,9169.75
INC-00394,20230820,S-002,EMP-00209,Ético,Baixa,20,6416.39
INC-00395,20230820,S-001,EMP-00399,Ambiental,Baixa,2,13814.87
INC-00396,20231218,S-001,EMP-00126,Ético,Média,18,10889.02
INC-00397,20240525,S-005,EMP-00034,Segurança,Alta,16,9977.11
INC-00398,20240528,S-004,EMP-00089,Ambiental,Baixa,7,5565.62
INC-00399,20240331,S-002,EMP-00046,Ético,Baixa,22,12204.55
INC-00400,20230111,S-004,EMP-00342,Ambiental,Alta,18,18253.1
INC-00401,20231211,S-004,EMP-00250,Ambiental,Baixa,16,17801.29
INC-00402,20230911,S-001,EMP-00149,Ambiental,Baixa,3,9282.55
INC-00403,20231114,S-003,EMP-00363,Ético,Média,25,8952.64
INC-00404,20241109,S-002,EMP-00229,Segurança,Baixa,12,8804.81
INC-00405,20240225,S-004,EMP-00349,Segurança,Alta,26,3970.57
INC-00406,20240305,S-003,EMP-00143,Segurança,Baixa,26,15361.91
INC-00407,20230131,S-001,EMP-00214,Ético,Baixa,25,9585.73
INC-00408,20230306,S-001,EMP-00014,Ambiental,Baixa,25,747.85
INC-00409,20230212,S-003,EMP-00193,Ético,Baixa,1,2669.48
INC-00410,20240815,S-004,EMP-00125,Segurança,Baixa,9,2123.39
INC-00411,20240930,S-004,EMP-00019,Ético,Baixa,23,18718.33
INC-00412,20230207,S-002,EMP-00341,Segurança,Baixa,17,13938.35
INC-00413,20241102,S-005,EMP-00412,Ético,Baixa,12,19314.04
INC-00414,20231115,S-001,EMP-00286,Segurança,Baixa,25,15594.6
INC-00415,20240816,S-005,EMP-00476,Ético,Baixa,1,5209.11
INC-00416,20240706,S-002,EMP-00480,Segurança,Média,10,2050.31
INC-00417,20230630,S-002,EMP-00050,Ambiental,Alta,10,17003.92
INC-00418,20231129,S-003,EMP-00077,Segurança,Média,23,13515.66
INC-00419,20240511,S-003,EMP-00261,Ambiental,Baixa,19,17884.51
INC-00420,20240610,S-002,EMP-00129,Ambiental,Baixa,16,3299.29
INC-00421,20231214,S-003,EMP-00327,Segurança,Baixa,9,18717.77
INC-00422,20240702,S-003,EMP-00489,Ético,Baixa,9,10288.2
INC-00423,20230223,S-005,EMP-00065,Ético,Baixa,10,18893.25
INC-00424,20240308,S-001,EMP-00022,Ambiental,Alta,7,8696.53
INC-00425,20230207,S-005,EMP-00266,Segurança,Alta,19,579.0
INC-00426,20230427,S-003,EMP-00360,Ambiental,Baixa,15,1503.09
INC-00427,20230216,S-004,EMP-00149,Segurança,Baixa,1,12631.11
INC-00428,20241213,S-002,EMP-00148,Segurança,Baixa,27,19250.83
INC-00429,20230622,S-001,EMP-00050,Ambiental,Baixa,24,12908.43
INC-00430,20241214,S-001,EMP-00141,Ambiental,Média,1,2059.44
INC-00431,20231228,S-004,EMP-00205,Ético,Baixa,8,16548.85
INC-00432,20230219,S-005,EMP-00309,Ambiental,Média,25,18829.46
INC-00433,20240706,S-004,EMP-00365,Ambiental,Baixa,11,11457.7
INC-00434,20240902,S-005,EMP-00337,Ambiental,Média,9,15977.46
INC-00435,20230814,S-005,EMP-00467,Segurança,Média,15,3231.6
INC-00436,20240124,S-002,EMP-00079,Ambiental,Baixa,4,8627.08
INC-00437,20240602,S-005,EMP-00039,Ético,Média,12,14853.42
INC-00438,20231027,S-005,EMP-00489,Ambiental,Baixa,11,15224.13
INC-00439,20240317,S-005,EMP-00112,Ético,Baixa,27,9783.59
INC-00440,20231207,S-002,EMP-00124,Ético,Média,4,1957.71
INC-00441,20240824,S-002,EMP-00314,Ambiental,Alta,7,13958.22
INC-00442,20240730,S-004,EMP-00165,Segurança,Baixa,17,3007.84
INC-00443,20230516,S-003,EMP-00365,Segurança,Baixa,17,17500.15
INC-00444,20241211,S-005,EMP-00429,Ambiental,Baixa,19,16694.28
INC-00445,20230811,S-005,EMP-00452,Segurança,Baixa,29,1338.86
INC-00446,20240826,S-004,EMP-00483,Ambiental,Baixa,29,17991.48
INC-00447,20241230,S-003,EMP-00007,Segurança,Média,7,14942.97
INC-00448,20230925,S-005,EMP-00284,Ético,Baixa,13,1405.47
INC-00449,20240414,S-005,EMP-00410,Ambiental,Baixa,26,7574.99
INC-00450,20241220,S-003,EMP-00031,Ético,Baixa,17,15701.72
INC-00451,20230910,S-002,EMP-00347,Segurança,Baixa,4,14120.12
INC-00452,20230311,S-003,EMP-00229,Ambiental,Alta,26,14556.74
INC-00453,20240216,S-005,EMP-00145,Ético,Alta,16,4905.49
INC-00454,20230804,S-001,EMP-00397,Ético,Baixa,28,15755.59
INC-00455,20240311,S-005,EMP-00030,Ético,Baixa,11,10377.44
INC-00456,20231204,S-004,EMP-00481,Segurança,Baixa,12,4755.95
INC-00457,20231213,S-004,EMP-00476,Ético,Baixa,9,18503.61
INC-00458,20240511,S-004,EMP-00191,Ético,Média,3,14915.13
INC-00459,20230212,S-001,EMP-00050,Ambiental,Baixa,28,12832.57
INC-00460,20230420,S-003,EMP-00363,Ético,Média,20,10134.57
INC-00461,20240902,S-001,EMP-00401,Ético,Média,14,17892.66
INC-00462,20240918,S-005,EMP-00285,Ético,Média,18,15696.03
INC-00463,20231017,S-001,EMP-00426,Ambiental,Alta,9,2324.75
INC-00464,20230301,S-002,EMP-00133,Ético,Média,18,13297.78
INC-00465,20230617,S-005,EMP-00453,Segurança,Média,18,13253.84
INC-00466,20240207,S-005,EMP-00306,Ético,Baixa,6,11472.31
INC-00467,20230412,S-004,EMP-00190,Ambiental,Média,1,18152.93
INC-00468,20241203,S-002,EMP-00133,Ético,Alta,23,15021.09
INC-00469,20240622,S-005,EMP-00311,Ambiental,Baixa,16,15394.79
INC-00470,20230204,S-004,EMP-00282,Ambiental,Média,13,9940.85
INC-00471,20241110,S-001,EMP-00104,Segurança,Alta,16,999.61
INC-00472,20230429,S-004,EMP-00389,Ético,Baixa,24,5408.04
INC-00473,20230214,S-003,EMP-00128,Segurança,Baixa,22,17402.7
INC-00474,20230429,S-001,EMP-00391,Ético,Baixa,12,16696.28
INC-00475,20240621,S-005,EMP-00108,Segurança,Baixa,28,9469.39
INC-00476,20231105,S-005,EMP-00487,Ético,Média,16,7627.44
INC-00477,20230728,S-001,EMP-00186,Segurança,Média,22,14866.98
INC-00478,20240207,S-005,EMP-00233,Segurança,Alta,16,2433.72
INC-00479,20230213,S-005,EMP-00375,Segurança,Média,26,17935.46
INC-00480,20240719,S-003,EMP-00477,Ético,Baixa,21,13780.42
INC-00481,20241010,S-004,EMP-00478,Ambiental,Baixa,27,17085.34
INC-00482,20240817,S-003,EMP-00135,Ético,Alta,10,17943.49
INC-00483,20241206,S-004,EMP-00377,Segurança,Baixa,10,10858.55
INC-00484,20241102,S-004,EMP-00012,Ético,Média,12,12699.28
INC-00485,20240303,S-003,EMP-00210,Ambiental,Baixa,8,7181.55
INC-00486,20230515,S-001,EMP-00014,Ético,Média,2,13049.63
INC-00487,20230414,S-002,EMP-00003,Ambiental,Baixa,4,7144.27
INC-00488,20230513,S-004,EMP-00346,Ético,Média,19,7691.42
INC-00489,20231017,S-003,EMP-00440,Ético,Baixa,13,8519.83
INC-00490,20240824,S-005,EMP-00162,Ambiental,Média,6,12689.09
INC-00491,20241002,S-005,EMP-00323,Ético,Alta,18,4806.49
INC-00492,20230824,S-002,EMP-00341,Ético,Baixa,8,2010.72
INC-00493,20230510,S-005,EMP-00429,Segurança,Baixa,3,6504.2
INC-00494,20230127,S-001,EMP-00195,Ambiental,Baixa,26,2518.4
INC-00495,20240228,S-002,EMP-00101,Ético,Média,16,12703.66
INC-00496,20241009,S-004,EMP-00229,Segurança,Baixa,28,775.56
INC-00497,20231117,S-004,EMP-00466,Ambiental,Média,9,10123.43
INC-00498,20230509,S-002,EMP-00187,Ambiental,Baixa,26,7501.26
INC-00499,20240915,S-001,EMP-00324,Ambiental,Baixa,20,4823.35
INC-00500,20230113,S-002,EMP-00271,Ético,Alta,21,16702.71
INC-00501,20240729,S-001,EMP-00332,Ético,Alta,5,10142.31
INC-00502,20240627,S-005,EMP-00442,Ambiental,Alta,22,16625.84
INC-00503,20240721,S-004,EMP-00499,Ambiental,Média,21,13127.85
INC-00504,20240920,S-001,EMP-00037,Ambiental,Baixa,19,7465.62
INC-00505,20240813,S-001,EMP-00431,Ambiental,Baixa,5,1113.69
INC-00506,20241120,S-004,EMP-00111,Segurança,Alta,9,601.88
INC-00507,20231010,S-004,EMP-00281,Segurança,Média,8,18694.9
INC-00508,20240924,S-004,EMP-00457,Ambiental,Alta,26,16099.7
INC-00509,20240315,S-004,EMP-00022,Segurança,Baixa,16,10109.88
INC-00510,20231124,S-003,EMP-00477,Ambiental,Média,11,5821.98
INC-00511,20231020,S-002,EMP-00337,Ambiental,Alta,28,944.57
INC-00512,20240415,S-005,EMP-00210,Ambiental,Alta,18,15623.86
INC-00513,20240413,S-001,EMP-00083,Ético,Baixa,8,10488.61
INC-00514,20240120,S-001,EMP-00234,Ambiental,Média,19,17481.56
INC-00515,20241228,S-002,EMP-00432,Ambiental,Baixa,26,1205.18
INC-00516,20231207,S-005,EMP-00120,Segurança,Alta,16,15790.73
INC-00517,20231029,S-004,EMP-00059,Ambiental,Baixa,3,7882.09
INC-00518,20241127,S-002,EMP-00121,Ético,Média,17,18289.75
INC-00519,20240824,S-003,EMP-00341,Ético,Média,26,8989.33
INC-00520,20241026,S-005,EMP-00351,Ambiental,Alta,24,1464.22
INC-00521,20230826,S-003,EMP-00053,Ético,Baixa,21,10272.32
INC-00522,20241213,S-003,EMP-00339,Segurança,Baixa,7,16846.43
INC-00523,20231119,S-001,EMP-00054,Ambiental,Baixa,3,11560.96
INC-00524,20240728,S-004,EMP-00187,Ambiental,Média,24,11084.42
INC-00525,20230717,S-003,EMP-00051,Segurança,Média,4,11261.7
INC-00526,20230710,S-004,EMP-00127,Ético,Média,14,10263.04
INC-00527,20240605,S-005,EMP-00044,Ambiental,Baixa,20,2531.14
INC-00528,20231101,S-003,EMP-00207,Segurança,Baixa,16,8985.99
INC-00529,20240325,S-005,EMP-00311,Ambiental,Baixa,1,12447.91
INC-00530,20230419,S-005,EMP-00155,Ambiental,Alta,17,15644.55
INC-00531,20230622,S-001,EMP-00277,Ambiental,Média,3,15438.59
INC-00532,20240614,S-003,EMP-00242,Ético,Média,11,15442.26
INC-00533,20230917,S-001,EMP-00393,Ambiental,Alta,20,10103.2
INC-00534,20230905,S-001,EMP-00158,Ambiental,Alta,16,13888.98
INC-00535,20230227,S-002,EMP-00216,Segurança,Baixa,23,13441.28
INC-00536,20240614,S-002,EMP-00249,Ambiental,Alta,22,2485.27
INC-00537,20230131,S-005,EMP-00215,Ético,Baixa,24,13950.58
INC-00538,20231114,S-001,EMP-00438,Ambiental,Baixa,27,16159.92
INC-00539,20241130,S-005,EMP-00300,Ético,Média,9,18175.61
INC-00540,20240620,S-003,EMP-00003,Segurança,Média,14,6994.9
INC-00541,20230205,S-002,EMP-00326,Ético,Média,19,2703.44
INC-00542,20230113,S-001,EMP-00165,Ético,Baixa,25,10307.58
INC-00543,20241017,S-003,EMP-00465,Segurança,Baixa,24,1616.95
INC-00544,20230614,S-004,EMP-00451,Ético,Baixa,5,18466.83
INC-00545,20241122,S-005,EMP-00325,Ético,Alta,19,14331.49
INC-00546,20240609,S-004,EMP-00443,Ambiental,Alta,22,8153.82
INC-00547,20230305,S-005,EMP-00292,Segurança,Alta,21,2251.26
INC-00548,20231027,S-001,EMP-00002,Segurança,Baixa,5,7084.22
INC-00549,20240822,S-005,EMP-00327,Ético,Baixa,27,18108.16
INC-00550,20240429,S-001,EMP-00109,Segurança,Baixa,6,17745.55
INC-00551,20241018,S-001,EMP-00175,Ambiental,Média,1,5225.37
INC-00552,20230320,S-004,EMP-00373,Ambiental,Alta,14,8612.85
INC-00553,20240115,S-004,EMP-00159,Segurança,Baixa,23,15444.85
INC-00554,20231210,S-004,EMP-00233,Ambiental,Média,12,14320.42
INC-00555,20240517,S-003,EMP-00414,Ambiental,Baixa,11,19798.55
INC-00556,20230815,S-002,EMP-00471,Ambiental,Baixa,11,15489.01
INC-00557,20240621,S-005,EMP-00165,Ambiental,Baixa,24,8022.06
INC-00558,20240420,S-001,EMP-00289,Ético,Baixa,2,9313.89
INC-00559,20230716,S-001,EMP-00001,Ambiental,Baixa,18,16412.04
INC-00560,20230923,S-005,EMP-00262,Segurança,Média,15,10060.79
INC-00561,20240122,S-005,EMP-00100,Ambiental,Média,8,8445.2
INC-00562,20241228,S-005,EMP-00145,Ético,Média,8,650.1
INC-00563,20231018,S-003,EMP-00111,Ambiental,Alta,12,4824.45
INC-00564,20231205,S-003,EMP-00490,Segurança,Alta,7,2407.68
INC-00565,20231118,S-005,EMP-00314,Segurança,Baixa,27,5459.36
INC-00566,20230314,S-004,EMP-00241,Ambiental,Baixa,22,14918.35
INC-00567,20230319,S-003,EMP-00031,Ambiental,Baixa,23,15469.14
INC-00568,20230726,S-003,EMP-00257,Ambiental,Baixa,11,5185.2
INC-00569,20240508,S-002,EMP-00307,Segurança,Baixa,14,18738.13
INC-00570,20240312,S-002,EMP-00288,Ético,Baixa,14,2993.97
INC-00571,20240314,S-001,EMP-00325,Segurança,Baixa,7,6219.77
INC-00572,20230908,S-005,EMP-00287,Ético,Baixa,27,12806.08
INC-00573,20230527,S-004,EMP-00413,Ético,Baixa,12,8620.21
INC-00574,20230109,S-001,EMP-00108,Ambiental,Alta,22,7243.54
INC-00575,20241211,S-005,EMP-00497,Ético,Média,15,12493.74
INC-00576,20230814,S-005,EMP-00173,Ambiental,Baixa,2,1698.81
INC-00577,20230412,S-001,EMP-00015,Segurança,Baixa,13,5167.64
INC-00578,20240305,S-005,EMP-00496,Ambiental,Baixa,16,14190.74
INC-00579,20240904,S-001,EMP-00083,Ético,Média,14,7533.28
INC-00580,20230802,S-004,EMP-00055,Segurança,Média,13,4533.31
INC-00581,20240316,S-005,EMP-00214,Ambiental,Alta,11,1908.25
INC-00582,20240403,S-001,EMP-00072,Segurança,Média,6,14426.78
INC-00583,20230217,S-005,EMP-00108,Segurança,Baixa,28,13698.54
INC-00584,20230317,S-001,EMP-00100,Segurança,Alta,20,14187.75
INC-00585,20241128,S-003,EMP-00346,Ético,Baixa,5,19306.83
INC-00586,20230820,S-001,EMP-00163,Ambiental,Baixa,19,10640.46
INC-00587,20230806,S-003,EMP-00169,Ético,Alta,17,7221.71
INC-00588,20230227,S-005,EMP-00125,Ético,Baixa,9,6821.39
INC-00589,20231008,S-002,EMP-00087,Segurança,Baixa,24,4867.63
INC-00590,20230624,S-004,EMP-00289,Segurança,Baixa,10,6848.36
INC-00591,20241002,S-003,EMP-00193,Segurança,Alta,12,16688.45
INC-00592,20240531,S-001,EMP-00499,Ambiental,Baixa,11,889.92
INC-00593,20240308,S-001,EMP-00353,Segurança,Baixa,22,806.49
INC-00594,20230226,S-005,EMP-00166,Ambiental,Baixa,9,18358.9
INC-00595,20240528,S-005,EMP-00278,Ambiental,Alta,26,6421.28
INC-00596,20230502,S-004,EMP-00328,Segurança,Baixa,21,17062.33
INC-00597,20230310,S-003,EMP-00221,Segurança,Alta,4,19947.08
INC-00598,20241210,S-003,EMP-00067,Segurança,Baixa,17,3408.13
INC-00599,20230408,S-005,EMP-00115,Ambiental,Alta,10,5725.37
INC-00600,20231022,S-002,EMP-00292,Ambiental,Média,26,7197.82
INC-00601,20240124,S-003,EMP-00334,Ambiental,Baixa,12,7666.1
INC-00602,20231126,S-004,EMP-00342,Ambiental,Média,13,2015.59
INC-00603,20241110,S-003,EMP-00324,Segurança,Baixa,14,12703.2
INC-00604,20241126,S-004,EMP-00057,Ambiental,Média,18,11299.27
INC-00605,20240328,S-005,EMP-00143,Ambiental,Baixa,7,4442.54
INC-00606,20230731,S-004,EMP-00366,Segurança,Média,14,16145.12
INC-00607,20240407,S-001,EMP-00405,Ético,Alta,4,4522.4
INC-00608,20230716,S-005,EMP-00310,Ambiental,Baixa,2,9805.21
INC-00609,20230804,S-001,EMP-00256,Ambiental,Baixa,24,7685.02
INC-00610,20240718,S-001,EMP-00068,Ético,Média,27,17374.55
INC-00611,20240624,S-001,EMP-00287,Segurança,Alta,23,5036.66
INC-00612,20240204,S-004,EMP-00272,Ambiental,Média,6,9932.48
INC-00613,20241111,S-003,EMP-00082,Segurança,Baixa,2,7933.22
INC-00614,20240315,S-004,EMP-00393,Ambiental,Baixa,22,4764.64
INC-00615,20231111,S-005,EMP-00127,Ético,Alta,29,12359.57
INC-00616,20230622,S-002,EMP-00220,Segurança,Média,20,13509.37
INC-00617,20230730,S-003,EMP-00373,Ambiental,Baixa,15,10050.94
INC-00618,20230127,S-005,EMP-00300,Ambiental,Baixa,13,16119.37
INC-00619,20241108,S-002,EMP-00413,Ambiental,Baixa,22,10301.56
INC-00620,20230725,S-005,EMP-00342,Segurança,Baixa,21,11202.55
INC-00621,20241017,S-001,EMP-00033,Ambiental,Média,18,7929.01
INC-00622,20230727,S-001,EMP-00310,Ambiental,Baixa,19,14856.58
INC-00623,20230922,S-005,EMP-00408,Ético,Média,25,2221.52
INC-00624,20231028,S-003,EMP-00011,Segurança,Baixa,7,12640.43
INC-00625,20231220,S-001,EMP-00171,Ético,Média,5,3099.29
INC-00626,20240802,S-001,EMP-00181,Segurança,Baixa,20,10506.34
INC-00627,20231029,S-004,EMP-00446,Segurança,Baixa,6,4847.78
INC-00628,20231113,S-005,EMP-00092,Ambiental,Média,20,2752.72
INC-00629,20240131,S-004,EMP-00318,Ético,Baixa,7,5552.32
INC-00630,20231014,S-001,EMP-00227,Ético,Baixa,28,15964.4
INC-00631,20230815,S-005,EMP-00394,Ético,Baixa,18,7952.07
INC-00632,20240110,S-005,EMP-00076,Ambiental,Média,6,9801.62
INC-00633,20240608,S-001,EMP-00348,Ético,Baixa,18,6264.9
INC-00634,20230107,S-001,EMP-00361,Segurança,Baixa,29,16971.72
INC-00635,20240625,S-003,EMP-00293,Ético,Média,3,10043.08
INC-00636,20230223,S-005,EMP-00137,Ambiental,Média,27,5267.49
INC-00637,20231003,S-002,EMP-00441,Ético,Média,9,15087.68
INC-00638,20230810,S-001,EMP-00481,Ambiental,Média,10,3422.65
INC-00639,20240915,S-005,EMP-00057,Ético,Baixa,19,11139.74
INC-00640,20230617,S-003,EMP-00454,Ambiental,Baixa,23,5437.24
INC-00641,20230903,S-001,EMP-00293,Ético,Baixa,6,17569.18
INC-00642,20230827,S-004,EMP-00315,Ético,Baixa,2,3860.57
INC-00643,20240718,S-004,EMP-00084,Ambiental,Baixa,5,9580.76
INC-00644,20231119,S-002,EMP-00074,Ambiental,Baixa,3,11361.81
INC-00645,20230811,S-001,EMP-00045,Ambiental,Média,28,7264.31
INC-00646,20230625,S-005,EMP-00491,Segurança,Baixa,20,19650.46
INC-00647,20240621,S-003,EMP-00030,Segurança,Média,4,9977.33
INC-00648,20240919,S-002,EMP-00285,Segurança,Média,14,15738.32
INC-00649,20230420,S-004,EMP-00211,Ambiental,Média,16,15250.05
INC-00650,20240818,S-003,EMP-00320,Ético,Média,27,7545.3
INC-00651,20240416,S-005,EMP-00225,Ambiental,Média,29,8146.62
INC-00652,20230523,S-005,EMP-00082,Ambiental,Média,16,992.7
INC-00653,20230522,S-003,EMP-00387,Ético,Baixa,15,14550.53
INC-00654,20240122,S-005,EMP-00269,Ético,Baixa,7,1064.34
INC-00655,20240417,S-004,EMP-00405,Ético,Média,1,6679.42
INC-00656,20231029,S-004,EMP-00179,Ético,Baixa,11,16431.93
INC-00657,20240505,S-001,EMP-00028,Segurança,Baixa,22,18937.17
INC-00658,20231207,S-005,EMP-00348,Ambiental,Baixa,25,12546.3
INC-00659,20241107,S-003,EMP-00293,Ético,Alta,19,5611.38
INC-00660,20240510,S-002,EMP-00430,Ético,Baixa,13,500.55
INC-00661,20231122,S-001,EMP-00038,Ético,Alta,8,8186.11
INC-00662,20240203,S-003,EMP-00456,Ambiental,Baixa,6,4872.47
INC-00663,20230912,S-003,EMP-00168,Ético,Baixa,4,14584.95
INC-00664,20240908,S-005,EMP-00136,Ético,Alta,8,6217.09
INC-00665,20240809,S-001,EMP-00252,Segurança,Baixa,12,18317.24
INC-00666,20230126,S-001,EMP-00031,Segurança,Baixa,10,19434.78
INC-00667,20240724,S-005,EMP-00034,Ético,Alta,7,19723.07
INC-00668,20230804,S-002,EMP-00086,Ético,Baixa,1,11147.34
INC-00669,20240116,S-004,EMP-00385,Ético,Baixa,12,16838.9
INC-00670,20241111,S-001,EMP-00267,Segurança,Média,16,18064.74
INC-00671,20240831,S-002,EMP-00013,Ambiental,Média,5,7624.76
INC-00672,20230307,S-005,EMP-00339,Segurança,Baixa,28,18742.57
INC-00673,20240126,S-003,EMP-00124,Segurança,Média,28,19848.37
INC-00674,20240101,S-004,EMP-00484,Segurança,Média,22,15734.59
INC-00675,20240920,S-005,EMP-00064,Ético,Baixa,6,11854.37
INC-00676,20230420,S-002,EMP-00377,Ético,Baixa,12,3422.2
INC-00677,20240815,S-003,EMP-00322,Ambiental,Alta,25,16156.78
INC-00678,20230416,S-003,EMP-00210,Ético,Média,9,19468.36
INC-00679,20230123,S-003,EMP-00205,Segurança,Média,9,15727.76
INC-00680,20240627,S-003,EMP-00315,Ambiental,Média,13,11302.25
INC-00681,20240718,S-005,EMP-00106,Ambiental,Alta,9,17347.19
INC-00682,20231101,S-004,EMP-00241,Ambiental,Alta,18,677.21
INC-00683,20230403,S-003,EMP-00483,Ambiental,Baixa,27,1653.55
INC-00684,20230322,S-002,EMP-00315,Ambiental,Baixa,7,18469.99
INC-00685,20230312,S-002,EMP-00078,Ético,Baixa,8,7599.6
INC-00686,20240224,S-004,EMP-00244,Ético,Alta,14,10393.04
INC-00687,20231208,S-001,EMP-00048,Segurança,Alta,17,16463.85
INC-00688,20240420,S-002,EMP-00384,Ambiental,Baixa,2,19981.7
INC-00689,20241007,S-002,EMP-00402,Segurança,Baixa,24,18786.78
INC-00690,20231123,S-002,EMP-00406,Segurança,Alta,4,834.15
INC-00691,20230201,S-003,EMP-00281,Ético,Baixa,28,15626.59
INC-00692,20231109,S-003,EMP-00195,Segurança,Baixa,4,1915.2
INC-00693,20230309,S-005,EMP-00095,Segurança,Média,15,9340.64
INC-00694,20240425,S-005,EMP-00459,Segurança,Média,23,1881.24
INC-00695,20230921,S-001,EMP-00139,Ambiental,Média,20,2681.13
INC-00696,20230921,S-001,EMP-00011,Ambiental,Baixa,11,14959.53
INC-00697,20240809,S-004,EMP-00120,Ambiental,Média,14,15294.19
INC-00698,20230325,S-005,EMP-00243,Segurança,Baixa,27,2669.21
INC-00699,20240303,S-005,EMP-00410,Ético,Média,28,5864.43
INC-00700,20240201,S-001,EMP-00096,Segurança,Baixa,8,18649.5
INC-00701,20240906,S-005,EMP-00263,Ambiental,Alta,3,8708.71
INC-00702,20241209,S-002,EMP-00054,Segurança,Baixa,12,14553.66
INC-00703,20240801,S-004,EMP-00296,Segurança,Média,6,5388.99
INC-00704,20240425,S-001,EMP-00239,Segurança,Baixa,15,16908.65
INC-00705,20230405,S-005,EMP-00275,Ético,Baixa,15,1325.72
INC-00706,20230121,S-005,EMP-00164,Ético,Baixa,12,1708.95
INC-00707,20241127,S-005,EMP-00016,Segurança,Alta,10,8040.64
INC-00708,20241204,S-001,EMP-00390,Ético,Alta,18,13926.9
INC-00709,20241004,S-001,EMP-00075,Ambiental,Média,4,7619.8
INC-00710,20231107,S-002,EMP-00341,Ambiental,Baixa,19,16427.25
INC-00711,20231118,S-004,EMP-00428,Ético,Baixa,24,15026.74
INC-00712,20230307,S-003,EMP-00114,Segurança,Média,4,7434.89
INC-00713,20240806,S-003,EMP-00076,Ético,Média,18,2858.66
INC-00714,20230627,S-001,EMP-00257,Ético,Baixa,1,4659.27
INC-00715,20230318,S-001,EMP-00126,Ambiental,Alta,1,6930.04
INC-00716,20240511,S-002,EMP-00164,Ambiental,Baixa,24,8479.67
INC-00717,20240928,S-005,EMP-00028,Ambiental,Alta,10,10601.29
INC-00718,20230828,S-002,EMP-00468,Ético,Média,5,3637.25
INC-00719,20230806,S-002,EMP-00105,Ambiental,Baixa,12,1319.71
INC-00720,20240614,S-001,EMP-00432,Ético,Alta,27,10411.26
INC-00721,20240913,S-005,EMP-00215,Ambiental,Alta,4,13798.19
INC-00722,20240712,S-005,EMP-00119,Ético,Média,18,12173.29
INC-00723,20230621,S-001,EMP-00003,Ambiental,Baixa,2,6507.96
INC-00724,20231115,S-003,EMP-00090,Ético,Baixa,9,9664.9
INC-00725,20240125,S-001,EMP-00427,Ético,Baixa,26,802.56
INC-00726,20231029,S-004,EMP-00176,Ambiental,Alta,3,10441.73
INC-00727,20240226,S-004,EMP-00226,Ético,Baixa,28,19438.17
INC-00728,20240624,S-002,EMP-00411,Segurança,Média,8,10326.39
INC-00729,20230306,S-005,EMP-00053,Ambiental,Baixa,21,13786.71
INC-00730,20230903,S-005,EMP-00439,Segurança,Baixa,23,11179.91
INC-00731,20230422,S-002,EMP-00175,Ambiental,Média,23,14450.97
INC-00732,20240707,S-005,EMP-00314,Segurança,Média,3,4245.33
INC-00733,20230612,S-004,EMP-00157,Ético,Média,17,1916.59
INC-00734,20241104,S-005,EMP-00278,Segurança,Baixa,2,19637.05
INC-00735,20230305,S-002,EMP-00193,Segurança,Baixa,18,4639.65
INC-00736,20230223,S-004,EMP-00032,Ético,Baixa,2,13629.54
INC-00737,20230530,S-005,EMP-00326,Ético,Baixa,14,6403.72
INC-00738,20231003,S-003,EMP-00196,Segurança,Baixa,6,18670.59
INC-00739,20230715,S-005,EMP-00158,Ético,Baixa,29,7630.03
INC-00740,20230907,S-001,EMP-00451,Segurança,Alta,11,6651.31
INC-00741,20230619,S-005,EMP-00357,Ético,Alta,28,5064.17
INC-00742,20240624,S-004,EMP-00314,Segurança,Baixa,17,9900.38
INC-00743,20230404,S-004,EMP-00389,Ético,Média,5,10724.85
INC-00744,20230527,S-001,EMP-00273,Segurança,Baixa,9,8314.76
INC-00745,20230212,S-001,EMP-00142,Ético,Baixa,28,9590.66
INC-00746,20230914,S-005,EMP-00187,Ambiental,Baixa,26,657.24
INC-00747,20231026,S-005,EMP-00473,Segurança,Média,9,13654.4
INC-00748,20230613,S-001,EMP-00392,Ético,Alta,7,3021.46
INC-00749,20231109,S-003,EMP-00346,Ambiental,Média,23,11173.92
INC-00750,20230131,S-001,EMP-00160,Ético,Alta,16,12096.5
INC-00751,20230103,S-001,EMP-00212,Ético,Baixa,2,11694.88
INC-00752,20230406,S-003,EMP-00087,Ético,Baixa,20,3506.79
INC-00753,20230411,S-003,EMP-00345,Segurança,Baixa,21,11574.7
INC-00754,20240706,S-001,EMP-00437,Segurança,Baixa,4,12730.33
INC-00755,20240208,S-001,EMP-00391,Segurança,Baixa,14,10407.15
INC-00756,20230106,S-004,EMP-00116,Segurança,Baixa,24,1465.16
INC-00757,20231221,S-004,EMP-00161,Segurança,Baixa,26,15288.39
INC-00758,20231224,S-004,EMP-00395,Ético,Média,23,6333.11
INC-00759,20230614,S-001,EMP-00447,Ético,Média,16,19158.29
INC-00760,20241104,S-005,EMP-00472,Segurança,Baixa,5,17313.53
INC-00761,20241123,S-002,EMP-00073,Ambiental,Alta,11,1378.47
INC-00762,20230208,S-004,EMP-00413,Ambiental,Baixa,18,15723.65
INC-00763,20240128,S-005,EMP-00031,Ético,Alta,11,1194.01
INC-00764,20230606,S-004,EMP-00493,Segurança,Baixa,9,12330.25
INC-00765,20230802,S-005,EMP-00130,Ético,Média,3,7863.82
INC-00766,20231128,S-003,EMP-00127,Ambiental,Média,29,5519.58
INC-00767,20231227,S-004,EMP-00261,Ético,Baixa,4,17217.49
INC-00768,20241228,S-001,EMP-00091,Ambiental,Alta,16,7743.52
INC-00769,20241019,S-004,EMP-00015,Ambiental,Alta,26,3784.36
INC-00770,20240418,S-005,EMP-00112,Ambiental,Baixa,18,2933.45
INC-00771,20240626,S-003,EMP-00084,Segurança,Baixa,15,12654.45
INC-00772,20240728,S-005,EMP-00019,Ético,Alta,18,13926.82
INC-00773,20230302,S-003,EMP-00241,Segurança,Média,23,11034.41
INC-00774,20240119,S-002,EMP-00235,Segurança,Baixa,28,19748.12
INC-00775,20240920,S-004,EMP-00146,Ambiental,Média,4,8401.69
INC-00776,20230513,S-002,EMP-00291,Segurança,Média,15,13184.46
INC-00777,20230708,S-001,EMP-00186,Ético,Média,13,15695.73
INC-00778,20230412,S-003,EMP-00244,Ético,Baixa,17,10325.01
INC-00779,20230319,S-002,EMP-00214,Ambiental,Alta,27,18462.94
INC-00780,20231219,S-001,EMP-00040,Segurança,Baixa,7,11809.4
INC-00781,20230421,S-001,EMP-00354,Ambiental,Baixa,23,10014.37
INC-00782,20230906,S-002,EMP-00297,Ético,Baixa,7,19096.64
INC-00783,20240524,S-003,EMP-00241,Ético,Alta,20,14338.32
INC-00784,20230104,S-004,EMP-00382,Ético,Média,9,4113.46
INC-00785,20240912,S-002,EMP-00230,Segurança,Baixa,21,8440.29
INC-00786,20231109,S-003,EMP-00107,Segurança,Alta,5,19232.86
INC-00787,20240810,S-005,EMP-00013,Segurança,Baixa,17,7507.19
INC-00788,20240904,S-005,EMP-00368,Ético,Baixa,18,7847.28
INC-00789,20241215,S-001,EMP-00314,Ambiental,Baixa,17,2627.19
INC-00790,20240728,S-004,EMP-00500,Segurança,Média,25,10826.1
INC-00791,20231122,S-003,EMP-00203,Ético,Baixa,21,13876.4
INC-00792,20240820,S-005,EMP-00277,Ético,Média,15,13902.52
INC-00793,20230704,S-005,EMP-00334,Ético,Média,5,7702.68
INC-00794,20231018,S-002,EMP-00497,Segurança,Alta,25,18347.16
INC-00795,20230306,S-001,EMP-00478,Ético,Média,5,2046.7
INC-00796,20240810,S-001,EMP-00082,Ambiental,Alta,29,9664.32
INC-00797,20230131,S-004,EMP-00448,Ambiental,Média,26,18545.04
INC-00798,20240430,S-002,EMP-00191,Ético,Alta,5,13724.76
INC-00799,20230307,S-002,EMP-00296,Segurança,Baixa,16,14790.52
INC-00800,20240624,S-002,EMP-00305,Ambiental,Baixa,7,18347.77
INC-00801,20240322,S-004,EMP-00005,Ambiental,Média,13,7751.53
INC-00802,20230307,S-005,EMP-00166,Segurança,Baixa,18,14901.48
INC-00803,20240407,S-003,EMP-00062,Ambiental,Alta,22,12822.74
INC-00804,20230807,S-004,EMP-00261,Ético,Média,10,18143.28
INC-00805,20241231,S-005,EMP-00189,Segurança,Alta,17,17939.06
INC-00806,20240227,S-005,EMP-00164,Ético,Alta,7,17772.39
INC-00807,20230523,S-005,EMP-00476,Ético,Baixa,16,7078.71
INC-00808,20230922,S-001,EMP-00059,Ético,Média,26,589.72
INC-00809,20240421,S-001,EMP-00174,Ético,Baixa,5,13321.84
INC-00810,20231128,S-001,EMP-00272,Ambiental,Alta,21,11374.15
INC-00811,20231107,S-001,EMP-00086,Segurança,Média,29,12555.49
INC-00812,20240410,S-005,EMP-00113,Ambiental,Baixa,10,14118.76
INC-00813,20240727,S-001,EMP-00341,Ambiental,Alta,23,10803.64
INC-00814,20241127,S-002,EMP-00455,Ambiental,Alta,15,9957.15
INC-00815,20231206,S-002,EMP-00005,Ético,Baixa,20,16685.62
INC-00816,20240916,S-002,EMP-00469,Segurança,Média,13,685.72
INC-00817,20241001,S-004,EMP-00311,Ético,Baixa,20,18966.21
INC-00818,20241225,S-005,EMP-00397,Segurança,Alta,5,5901.94
INC-00819,20240325,S-003,EMP-00292,Ético,Baixa,13,19631.26
INC-00820,20240918,S-005,EMP-00054,Ambiental,Baixa,24,4027.71
INC-00821,20240929,S-003,EMP-00350,Segurança,Baixa,5,4362.86
INC-00822,20230312,S-003,EMP-00271,Segurança,Baixa,10,8242.31
INC-00823,20231107,S-004,EMP-00003,Segurança,Baixa,5,10152.43
INC-00824,20231015,S-001,EMP-00307,Ético,Média,21,5149.59
INC-00825,20241215,S-003,EMP-00354,Ético,Baixa,8,13246.76
INC-00826,20241121,S-005,EMP-00277,Ético,Baixa,24,11352.63
INC-00827,20230613,S-001,EMP-00217,Ético,Média,20,6403.35
INC-00828,20241120,S-004,EMP-00166,Ambiental,Baixa,23,19726.0
INC-00829,20230521,S-004,EMP-00306,Segurança,Alta,27,8611.25
INC-00830,20240424,S-005,EMP-00499,Ético,Alta,28,14411.62
INC-00831,20230124,S-002,EMP-00288,Ético,Baixa,28,12574.52
INC-00832,20240607,S-003,EMP-00314,Ambiental,Baixa,17,19460.67
INC-00833,20230510,S-004,EMP-00039,Ético,Baixa,8,11095.2
INC-00834,20231203,S-002,EMP-00062,Segurança,Baixa,13,7956.59
INC-00835,20240908,S-005,EMP-00119,Ambiental,Média,20,678.45
INC-00836,20241004,S-002,EMP-00400,Segurança,Média,20,18154.63
INC-00837,20230421,S-004,EMP-00025,Ambiental,Baixa,15,13111.37
INC-00838,20240410,S-001,EMP-00091,Ético,Baixa,22,5612.8
INC-00839,20230325,S-004,EMP-00144,Ambiental,Baixa,23,10479.24
INC-00840,20230115,S-001,EMP-00490,Segurança,Baixa,12,17415.82
INC-00841,20230408,S-005,EMP-00124,Segurança,Baixa,12,9956.11
INC-00842,20240703,S-001,EMP-00397,Segurança,Baixa,26,13644.94
INC-00843,20230304,S-003,EMP-00311,Ambiental,Média,15,15854.03
INC-00844,20240115,S-001,EMP-00143,Ambiental,Média,13,2363.86
INC-00845,20230927,S-003,EMP-00076,Ético,Alta,14,1922.4
INC-00846,20230802,S-005,EMP-00052,Ambiental,Alta,2,3366.72
INC-00847,20230612,S-003,EMP-00094,Ético,Baixa,20,13201.84
INC-00848,20241204,S-003,EMP-00177,Ético,Alta,1,10694.0
INC-00849,20230423,S-003,EMP-00322,Ambiental,Alta,9,5813.79
INC-00850,20231031,S-001,EMP-00230,Ético,Baixa,25,8529.79
INC-00851,20240905,S-002,EMP-00399,Ético,Baixa,7,12958.92
INC-00852,20230317,S-004,EMP-00240,Ambiental,Alta,18,1646.75
INC-00853,20231213,S-005,EMP-00292,Segurança,Alta,24,14403.87
INC-00854,20240621,S-003,EMP-00323,Ético,Baixa,15,640.93
INC-00855,20240203,S-003,EMP-00442,Segurança,Média,26,3517.17
INC-00856,20240425,S-003,EMP-00193,Segurança,Alta,28,19088.72
INC-00857,20230324,S-004,EMP-00124,Ético,Baixa,18,18273.95
INC-00858,20231022,S-005,EMP-00119,Ambiental,Baixa,21,11148.49
INC-00859,20231128,S-001,EMP-00024,Ético,Baixa,13,17187.65
INC-00860,20241210,S-002,EMP-00060,Ético,Alta,9,13426.45
INC-00861,20241220,S-001,EMP-00008,Ético,Baixa,13,18895.67
INC-00862,20230217,S-005,EMP-00386,Segurança,Baixa,10,16689.04
INC-00863,20240826,S-002,EMP-00139,Ético,Baixa,25,9424.57
INC-00864,20230307,S-002,EMP-00226,Ambiental,Baixa,25,7429.77
INC-00865,20231221,S-005,EMP-00210,Segurança,Baixa,15,19411.44
INC-00866,20230726,S-004,EMP-00458,Ambiental,Média,10,7674.98
INC-00867,20240726,S-005,EMP-00058,Ambiental,Baixa,3,16938.78
INC-00868,20231203,S-002,EMP-00381,Ético,Baixa,12,10309.43
INC-00869,20240809,S-003,EMP-00013,Ético,Baixa,11,8233.81
INC-00870,20230923,S-003,EMP-00461,Ambiental,Baixa,22,6335.71
INC-00871,20231102,S-001,EMP-00162,Ambiental,Baixa,4,5052.3
INC-00872,20241230,S-004,EMP-00422,Segurança,Média,2,11689.29
INC-00873,20240526,S-004,EMP-00443,Ambiental,Alta,12,16323.79
INC-00874,20240723,S-002,EMP-00474,Segurança,Alta,10,611.8
INC-00875,20231122,S-002,EMP-00270,Ambiental,Baixa,11,14532.55
INC-00876,20240811,S-005,EMP-00069,Segurança,Baixa,29,4980.91
INC-00877,20241202,S-005,EMP-00160,Ambiental,Baixa,8,8260.75
INC-00878,20240927,S-002,EMP-00170,Ético,Baixa,17,18545.87
INC-00879,20240214,S-005,EMP-00076,Segurança,Média,17,15267.88
INC-00880,20240903,S-005,EMP-00290,Segurança,Média,15,10452.05
INC-00881,20230706,S-001,EMP-00032,Ambiental,Média,22,13291.84
INC-00882,20240623,S-003,EMP-00287,Ambiental,Baixa,26,13283.29
INC-00883,20230215,S-003,EMP-00294,Segurança,Baixa,4,2393.64
INC-00884,20230910,S-005,EMP-00072,Ético,Baixa,3,8280.29
INC-00885,20240315,S-005,EMP-00069,Ético,Baixa,12,19437.51
INC-00886,20240615,S-001,EMP-00294,Ético,Baixa,5,8061.88
INC-00887,20231013,S-004,EMP-00147,Ambiental,Alta,11,2243.85
INC-00888,20241012,S-001,EMP-00379,Ambiental,Média,7,12768.86
INC-00889,20240805,S-001,EMP-00454,Ético,Baixa,13,15164.44
INC-00890,20240425,S-003,EMP-00273,Ético,Média,11,4823.85
INC-00891,20231030,S-002,EMP-00030,Ético,Baixa,16,16728.03
INC-00892,20240629,S-003,EMP-00091,Ambiental,Média,10,7211.42
INC-00893,20231026,S-002,EMP-00256,Segurança,Baixa,7,15700.44
INC-00894,20240328,S-003,EMP-00415,Ambiental,Média,25,2967.96
INC-00895,20240201,S-004,EMP-00422,Ético,Baixa,20,18884.23
INC-00896,20230411,S-001,EMP-00022,Segurança,Média,16,8386.6
INC-00897,20240811,S-001,EMP-00064,Segurança,Baixa,23,3014.61
INC-00898,20231115,S-002,EMP-00241,Ambiental,Baixa,17,2738.04
INC-00899,20230116,S-001,EMP-00198,Segurança,Alta,24,16475.96
INC-00900,20230612,S-002,EMP-00243,Segurança,Baixa,18,7487.65
INC-00901,20231014,S-003,EMP-00448,Ético,Alta,17,14075.14
INC-00902,20230723,S-002,EMP-00436,Ambiental,Baixa,5,3872.37
INC-00903,20240919,S-002,EMP-00437,Ambiental,Baixa,20,5797.33
INC-00904,20230818,S-001,EMP-00371,Ético,Média,9,18987.85
INC-00905,20230612,S-002,EMP-00112,Ambiental,Média,5,8957.82
INC-00906,20240713,S-003,EMP-00197,Segurança,Alta,10,12758.12
INC-00907,20240828,S-005,EMP-00197,Ético,Média,3,999.51
INC-00908,20231007,S-003,EMP-00189,Ambiental,Média,25,1528.18
INC-00909,20240304,S-001,EMP-00154,Segurança,Baixa,19,6967.31
INC-00910,20231215,S-003,EMP-00142,Segurança,Baixa,18,4406.06
INC-00911,20240617,S-002,EMP-00235,Ambiental,Baixa,19,6570.03
INC-00912,20230120,S-001,EMP-00264,Ambiental,Baixa,1,17022.02
INC-00913,20241125,S-003,EMP-00055,Ambiental,Baixa,2,4682.82
INC-00914,20230211,S-002,EMP-00306,Segurança,Baixa,23,18509.3
INC-00915,20230425,S-002,EMP-00492,Ético,Média,17,4703.95
INC-00916,20240319,S-005,EMP-00108,Ambiental,Alta,25,12542.62
INC-00917,20240821,S-001,EMP-00380,Segurança,Alta,15,17391.23
INC-00918,20230502,S-004,EMP-00324,Ambiental,Alta,13,19871.96
INC-00919,20241223,S-002,EMP-00006,Ambiental,Média,22,4067.23
INC-00920,20230304,S-005,EMP-00226,Segurança,Média,16,6955.74
INC-00921,20240521,S-003,EMP-00206,Ético,Baixa,3,13706.99
INC-00922,20230323,S-002,EMP-00376,Segurança,Alta,26,19364.92
INC-00923,20231014,S-003,EMP-00341,Ambiental,Alta,23,16366.03
INC-00924,20240702,S-001,EMP-00135,Ambiental,Média,10,12370.76
INC-00925,20240120,S-005,EMP-00062,Ambiental,Baixa,25,3611.07
INC-00926,20240324,S-005,EMP-00395,Ambiental,Média,24,1969.94
INC-00927,20241207,S-003,EMP-00456,Ambiental,Alta,28,11904.87
INC-00928,20240104,S-001,EMP-00196,Ético,Média,2,6720.03
INC-00929,20240829,S-001,EMP-00312,Segurança,Baixa,6,5658.13
INC-00930,20241208,S-001,EMP-00296,Segurança,Média,22,4727.1
INC-00931,20240719,S-002,EMP-00031,Ético,Baixa,6,16277.94
INC-00932,20230125,S-002,EMP-00391,Ético,Alta,10,9814.74
INC-00933,20230515,S-005,EMP-00306,Segurança,Baixa,28,2468.87
INC-00934,20230714,S-001,EMP-00242,Ético,Baixa,20,9183.59
INC-00935,20230509,S-002,EMP-00391,Ambiental,Baixa,16,8997.9
INC-00936,20230410,S-005,EMP-00489,Ambiental,Média,29,16832.79
INC-00937,20231009,S-005,EMP-00007,Segurança,Média,3,14339.75
INC-00938,20241014,S-001,EMP-00304,Ético,Baixa,2,3556.75
INC-00939,20240523,S-005,EMP-00036,Ético,Baixa,23,16060.04
INC-00940,20230603,S-001,EMP-00437,Ético,Baixa,27,7816.32
INC-00941,20241104,S-004,EMP-00326,Segurança,Baixa,4,19624.25
INC-00942,20240218,S-001,EMP-00482,Ambiental,Média,25,785.73
INC-00943,20240709,S-004,EMP-00477,Segurança,Alta,13,2665.11
INC-00944,20231123,S-002,EMP-00199,Segurança,Baixa,13,16039.14
INC-00945,20240513,S-003,EMP-00007,Segurança,Média,8,18875.69
INC-00946,20230318,S-001,EMP-00336,Segurança,Baixa,26,9321.94
INC-00947,20241011,S-002,EMP-00016,Ambiental,Alta,26,16162.36
INC-00948,20231224,S-004,EMP-00337,Ético,Baixa,21,13643.84
INC-00949,20240310,S-005,EMP-00161,Ético,Baixa,7,15055.74
INC-00950,20240304,S-005,EMP-00109,Segurança,Baixa,16,18816.09
INC-00951,20230311,S-005,EMP-00240,Segurança,Média,25,16228.64
INC-00952,20240129,S-001,EMP-00339,Ambiental,Média,24,17290.28
INC-00953,20230414,S-002,EMP-00391,Ético,Média,14,6863.28
INC-00954,20231003,S-004,EMP-00050,Segurança,Baixa,26,6535.99
INC-00955,20230122,S-001,EMP-00321,Ético,Baixa,25,17559.08
INC-00956,20240418,S-002,EMP-00121,Ético,Baixa,15,7321.62
INC-00957,20240811,S-004,EMP-00422,Ambiental,Alta,8,2886.74
INC-00958,20240531,S-003,EMP-00457,Segurança,Alta,1,12927.88
INC-00959,20230717,S-003,EMP-00435,Ambiental,Média,6,16573.4
INC-00960,20241014,S-004,EMP-00319,Ambiental,Baixa,15,9804.4
INC-00961,20231023,S-005,EMP-00297,Ético,Alta,23,1383.69
INC-00962,20240814,S-004,EMP-00082,Ambiental,Média,11,11583.7
INC-00963,20231215,S-004,EMP-00265,Ético,Alta,3,16103.56
INC-00964,20230210,S-002,EMP-00445,Segurança,Média,8,13124.53
INC-00965,20230731,S-002,EMP-00418,Ambiental,Média,20,7635.66
INC-00966,20240115,S-005,EMP-00048,Ambiental,Alta,3,5965.37
INC-00967,20230119,S-005,EMP-00271,Ético,Alta,22,14557.56
INC-00968,20240109,S-001,EMP-00335,Ético,Baixa,15,6386.97
INC-00969,20231110,S-004,EMP-00260,Ético,Alta,10,6169.52
INC-00970,20230629,S-003,EMP-00327,Segurança,Baixa,8,14104.98
INC-00971,20230630,S-004,EMP-00325,Ambiental,Média,6,13419.93
INC-00972,20240622,S-001,EMP-00246,Segurança,Alta,26,18573.19
INC-00973,20240223,S-004,EMP-00349,Segurança,Baixa,20,16516.44
INC-00974,20231107,S-003,EMP-00234,Ambiental,Alta,18,4506.63
INC-00975,20240901,S-005,EMP-00285,Segurança,Baixa,9,925.3
INC-00976,20240215,S-003,EMP-00095,Segurança,Baixa,1,19233.47
INC-00977,20230901,S-005,EMP-00424,Ambiental,Média,16,7193.71
INC-00978,20230730,S-003,EMP-00129,Ético,Baixa,15,12194.34
INC-00979,20231224,S-003,EMP-00199,Segurança,Alta,29,6635.82
INC-00980,20231201,S-001,EMP-00413,Ambiental,Baixa,22,5948.39
INC-00981,20240722,S-002,EMP-00471,Ético,Alta,5,4732.44
INC-00982,20230123,S-005,EMP-00484,Ambiental,Baixa,20,9796.19
INC-00983,20241030,S-003,EMP-00442,Ético,Baixa,19,5521.2
INC-00984,20230501,S-002,EMP-00122,Segurança,Alta,29,8489.7
INC-00985,20240204,S-001,EMP-00499,Ético,Média,18,2691.11
INC-00986,20230812,S-004,EMP-00239,Ambiental,Baixa,10,15733.89
INC-00987,20240308,S-001,EMP-00115,Segurança,Baixa,27,14266.06
INC-00988,20230427,S-001,EMP-00481,Ético,Baixa,18,8496.85
INC-00989,20230116,S-003,EMP-00236,Ambiental,Baixa,11,15877.75
INC-00990,20230622,S-005,EMP-00108,Ético,Baixa,23,4599.76
INC-00991,20230108,S-005,EMP-00029,Ambiental,Média,4,3842.07
INC-00992,20240723,S-005,EMP-00300,Ambiental,Baixa,18,7148.58
INC-00993,20230202,S-002,EMP-00002,Ambiental,Média,21,11521.62
INC-00994,20240610,S-001,EMP-00131,Ético,Média,13,6763.34
INC-00995,20230620,S-002,EMP-00164,Ambiental,Baixa,19,10874.09
INC-00996,20241031,S-003,EMP-00123,Ambiental,Baixa,14,2972.6
INC-00997,20241226,S-005,EMP-00126,Ético,Média,9,19574.86
INC-00998,20240101,S-005,EMP-00389,Ambiental,Média,1,4776.4
INC-00999,20240311,S-002,EMP-00281,Segurança,Média,17,4651.43
INC-01000,20230131,S-004,EMP-00002,Segurança,Baixa,25,13199.54
