SnapshotID,Chave_Data,SiteID,TotalEmployees,WomenCount,MinorityCount,PromotionsCount
DIV-00001,20241203,S-003,317,170,124,9
DIV-00002,20241114,S-004,466,219,11,7
DIV-00003,20240516,S-003,728,57,150,3
DIV-00004,20241119,S-004,571,186,113,8
DIV-00005,20230119,S-001,190,197,76,1
DIV-00006,20230520,S-002,691,174,87,14
DIV-00007,20240819,S-002,314,154,125,5
DIV-00008,20240627,S-005,765,331,11,18
DIV-00009,20240611,S-002,481,390,186,4
DIV-00010,20230517,S-002,470,111,54,4
DIV-00011,20231004,S-005,378,196,175,20
DIV-00012,20231028,S-005,356,393,14,22
DIV-00013,20230505,S-003,757,79,16,24
DIV-00014,20240501,S-001,197,117,156,11
DIV-00015,20230111,S-002,603,324,126,21
DIV-00016,20241124,S-005,544,339,22,13
DIV-00017,20230714,S-002,436,118,67,27
DIV-00018,20230226,S-003,357,133,126,5
DIV-00019,20230318,S-005,722,341,183,21
DIV-00020,20230430,S-004,276,54,26,24
DIV-00021,20230227,S-003,743,284,134,4
DIV-00022,20240226,S-005,500,329,33,23
DIV-00023,20240713,S-002,216,372,77,14
DIV-00024,20241114,S-002,319,165,153,29
DIV-00025,20230814,S-004,119,220,183,5
DIV-00026,20240503,S-004,786,119,31,10
DIV-00027,20231229,S-001,237,345,136,12
DIV-00028,20240525,S-005,177,165,181,27
DIV-00029,20230106,S-005,269,332,46,3
DIV-00030,20230513,S-003,737,142,179,2
DIV-00031,20240724,S-004,535,148,87,24
DIV-00032,20230630,S-001,108,170,186,10
DIV-00033,20230310,S-002,153,266,128,7
DIV-00034,20240810,S-003,681,134,29,10
DIV-00035,20240107,S-003,402,237,62,10
DIV-00036,20231028,S-004,695,144,120,11
DIV-00037,20240111,S-004,373,77,67,8
DIV-00038,20241003,S-004,441,45,31,9
DIV-00039,20230705,S-003,445,360,179,13
DIV-00040,20230601,S-002,673,345,95,23
DIV-00041,20240923,S-001,190,30,105,28
DIV-00042,20240708,S-003,680,291,158,6
DIV-00043,20230314,S-003,769,374,146,10
DIV-00044,20230831,S-001,119,254,113,13
DIV-00045,20240117,S-003,328,74,123,10
DIV-00046,20230110,S-005,327,332,48,7
DIV-00047,20240401,S-001,216,248,135,26
DIV-00048,20240709,S-001,697,396,69,26
DIV-00049,20240902,S-001,740,250,35,27
DIV-00050,20230806,S-005,355,321,131,11
DIV-00051,20230421,S-005,687,256,185,28
DIV-00052,20240407,S-002,370,125,122,1
DIV-00053,20230324,S-003,754,252,54,10
DIV-00054,20240408,S-001,127,86,93,2
DIV-00055,20230516,S-003,422,162,129,27
DIV-00056,20240930,S-002,658,274,183,3
DIV-00057,20240210,S-005,605,389,186,29
DIV-00058,20230101,S-003,796,151,198,14
DIV-00059,20240607,S-004,551,394,166,17
DIV-00060,20241014,S-005,458,357,101,20
DIV-00061,20240817,S-004,555,197,199,5
DIV-00062,20240624,S-005,487,217,55,8
DIV-00063,20240617,S-002,697,264,174,1
DIV-00064,20230623,S-005,447,124,26,2
DIV-00065,20231222,S-005,581,287,103,15
DIV-00066,20230327,S-002,408,360,143,5
DIV-00067,20231014,S-001,292,117,142,6
DIV-00068,20230715,S-003,367,299,129,22
DIV-00069,20240129,S-003,185,225,176,8
DIV-00070,20231005,S-003,358,204,38,12
DIV-00071,20240806,S-004,778,163,72,9
DIV-00072,20241021,S-001,181,124,103,6
DIV-00073,20240328,S-005,397,87,191,25
DIV-00074,20231026,S-003,221,196,62,7
DIV-00075,20231004,S-004,310,399,141,25
DIV-00076,20230201,S-005,556,118,20,11
DIV-00077,20230620,S-001,132,279,117,16
DIV-00078,20230409,S-003,392,45,142,10
DIV-00079,20240320,S-001,308,80,151,4
DIV-00080,20240918,S-004,123,395,71,24
DIV-00081,20241218,S-001,318,81,168,5
DIV-00082,20240905,S-003,654,300,82,6
DIV-00083,20241203,S-003,350,64,122,18
DIV-00084,20230215,S-005,228,170,154,19
DIV-00085,20240710,S-004,566,86,84,19
DIV-00086,20240429,S-001,250,309,84,21
DIV-00087,20230301,S-003,466,96,46,5
DIV-00088,20241231,S-001,719,362,58,19
DIV-00089,20231114,S-004,226,229,85,15
DIV-00090,20240528,S-005,233,268,45,25
DIV-00091,20231102,S-005,689,231,199,25
DIV-00092,20230721,S-004,641,284,41,14
DIV-00093,20230314,S-002,483,310,128,17
DIV-00094,20231217,S-005,252,392,192,27
DIV-00095,20231119,S-002,474,281,89,5
DIV-00096,20231121,S-003,495,264,191,10
DIV-00097,20240815,S-001,196,208,188,27
DIV-00098,20240123,S-002,451,92,175,25
DIV-00099,20230307,S-005,190,205,154,29
DIV-00100,20231204,S-001,658,166,156,20
DIV-00101,20241217,S-001,362,362,162,18
DIV-00102,20231028,S-002,748,319,154,5
DIV-00103,20231002,S-004,660,348,155,13
DIV-00104,20230731,S-004,128,48,15,23
DIV-00105,20230711,S-004,249,294,131,1
DIV-00106,20240522,S-005,430,251,128,12
DIV-00107,20230421,S-004,639,387,105,21
DIV-00108,20230713,S-002,100,378,65,25
DIV-00109,20240905,S-005,421,264,15,6
DIV-00110,20230315,S-004,344,335,164,2
DIV-00111,20240121,S-001,713,394,194,5
DIV-00112,20241123,S-001,258,111,37,14
DIV-00113,20230319,S-002,258,267,124,12
DIV-00114,20231027,S-004,604,219,78,0
DIV-00115,20241127,S-005,777,121,161,1
DIV-00116,20230912,S-002,722,302,148,7
DIV-00117,20230328,S-004,559,92,31,0
DIV-00118,20240914,S-001,382,231,105,8
DIV-00119,20231102,S-002,213,158,22,19
DIV-00120,20240321,S-003,493,63,166,10
DIV-00121,20230325,S-005,519,45,125,29
DIV-00122,20230215,S-005,141,345,20,20
DIV-00123,20230121,S-003,757,339,74,20
DIV-00124,20241028,S-003,657,320,116,25
DIV-00125,20241224,S-001,777,386,164,12
DIV-00126,20240625,S-005,638,283,76,26
DIV-00127,20231009,S-001,264,37,80,9
DIV-00128,20230820,S-003,572,351,45,8
DIV-00129,20241102,S-003,327,383,80,12
DIV-00130,20240210,S-005,754,233,197,10
DIV-00131,20230902,S-001,781,129,153,10
DIV-00132,20230105,S-005,129,342,97,20
DIV-00133,20231212,S-002,566,232,110,8
DIV-00134,20240728,S-001,210,43,96,12
DIV-00135,20230824,S-004,303,219,174,10
DIV-00136,20230225,S-004,385,262,30,18
DIV-00137,20240212,S-002,395,364,50,10
DIV-00138,20240722,S-004,232,256,185,15
DIV-00139,20241207,S-001,670,189,21,9
DIV-00140,20230407,S-004,489,220,85,10
DIV-00141,20241007,S-005,558,360,136,10
DIV-00142,20241025,S-002,284,150,87,13
DIV-00143,20240225,S-004,597,56,157,28
DIV-00144,20230811,S-002,459,257,172,18
DIV-00145,20231226,S-001,639,129,90,16
DIV-00146,20240708,S-003,374,236,69,6
DIV-00147,20240905,S-001,241,234,56,8
DIV-00148,20230212,S-001,319,320,163,4
DIV-00149,20240419,S-004,536,329,168,20
DIV-00150,20240703,S-003,345,371,125,13
DIV-00151,20240909,S-005,447,77,87,29
DIV-00152,20240616,S-003,635,135,166,27
DIV-00153,20230426,S-003,269,235,181,3
DIV-00154,20230115,S-002,421,331,85,20
DIV-00155,20230514,S-002,343,344,38,1
DIV-00156,20240604,S-004,331,135,175,10
DIV-00157,20230829,S-001,300,154,179,24
DIV-00158,20240322,S-002,130,289,139,21
DIV-00159,20240903,S-001,460,261,27,20
DIV-00160,20241006,S-001,597,110,197,23
DIV-00161,20231004,S-005,356,143,144,11
DIV-00162,20230911,S-004,764,37,73,16
DIV-00163,20240519,S-005,410,271,91,11
DIV-00164,20231029,S-003,311,229,161,24
DIV-00165,20230430,S-001,230,351,26,8
DIV-00166,20230701,S-001,279,100,110,0
DIV-00167,20231028,S-001,318,300,50,24
DIV-00168,20240412,S-001,594,48,99,19
DIV-00169,20230515,S-005,645,238,148,19
DIV-00170,20231223,S-003,291,322,122,5
DIV-00171,20230306,S-004,305,268,105,2
DIV-00172,20240919,S-003,161,243,166,2
DIV-00173,20231105,S-002,143,52,182,22
DIV-00174,20231218,S-004,720,131,147,3
DIV-00175,20230927,S-002,204,190,57,25
DIV-00176,20240706,S-004,263,51,138,1
DIV-00177,20231027,S-001,230,317,41,0
DIV-00178,20230624,S-005,141,191,53,29
DIV-00179,20240824,S-003,414,352,114,18
DIV-00180,20240907,S-002,591,235,76,8
DIV-00181,20240111,S-005,443,364,19,29
DIV-00182,20230506,S-003,193,130,168,19
DIV-00183,20240320,S-005,375,326,164,13
DIV-00184,20230128,S-002,444,363,108,10
DIV-00185,20230625,S-005,172,325,91,25
DIV-00186,20231001,S-001,620,200,55,1
DIV-00187,20240512,S-004,325,246,109,2
DIV-00188,20230125,S-001,589,291,31,10
DIV-00189,20240429,S-005,291,380,187,3
DIV-00190,20241215,S-004,407,259,39,28
DIV-00191,20240707,S-005,247,246,176,0
DIV-00192,20230307,S-001,275,217,153,21
DIV-00193,20231122,S-005,221,174,30,26
DIV-00194,20241220,S-003,721,41,12,17
DIV-00195,20231102,S-003,295,315,167,8
DIV-00196,20231214,S-002,451,279,116,8
DIV-00197,20241210,S-005,427,321,159,3
DIV-00198,20240523,S-005,193,163,172,2
DIV-00199,20240420,S-002,516,100,75,26
DIV-00200,20240221,S-003,281,46,121,11
DIV-00201,20240225,S-002,402,236,197,26
DIV-00202,20230331,S-004,740,191,58,22
DIV-00203,20231112,S-004,389,196,19,19
DIV-00204,20230511,S-004,295,242,112,0
DIV-00205,20241226,S-004,248,50,167,24
DIV-00206,20240822,S-002,728,107,20,7
DIV-00207,20241001,S-002,207,243,180,22
DIV-00208,20230906,S-005,133,278,28,8
DIV-00209,20241113,S-004,347,233,101,19
DIV-00210,20231115,S-002,464,152,171,8
DIV-00211,20240723,S-003,591,124,77,1
DIV-00212,20240115,S-005,422,129,81,13
DIV-00213,20240712,S-005,695,168,181,4
DIV-00214,20230716,S-004,651,351,52,12
DIV-00215,20231215,S-002,387,212,199,24
DIV-00216,20230313,S-004,286,241,37,12
DIV-00217,20241207,S-005,216,50,169,1
DIV-00218,20230828,S-004,153,155,24,19
DIV-00219,20240408,S-001,556,246,100,6
DIV-00220,20230911,S-001,395,177,165,24
DIV-00221,20230328,S-001,556,210,92,0
DIV-00222,20230622,S-005,157,374,21,18
DIV-00223,20230819,S-002,259,288,121,15
DIV-00224,20230810,S-003,684,203,41,27
DIV-00225,20230127,S-005,233,313,101,6
DIV-00226,20231010,S-005,141,350,26,6
DIV-00227,20231125,S-001,628,134,107,27
DIV-00228,20240625,S-003,159,365,139,22
DIV-00229,20240428,S-002,770,158,84,7
DIV-00230,20230826,S-004,425,290,199,3
DIV-00231,20230604,S-005,798,200,92,10
DIV-00232,20241018,S-005,453,319,23,21
DIV-00233,20240420,S-003,458,235,138,11
DIV-00234,20241025,S-005,243,262,186,26
DIV-00235,20240307,S-005,721,56,27,6
DIV-00236,20240808,S-001,414,96,127,28
DIV-00237,20240614,S-002,375,33,103,22
DIV-00238,20230521,S-004,351,223,155,20
DIV-00239,20230208,S-005,248,188,97,24
DIV-00240,20231025,S-001,365,105,11,19
DIV-00241,20240129,S-002,249,132,199,8
DIV-00242,20230129,S-005,550,306,103,8
DIV-00243,20240308,S-002,652,284,51,23
DIV-00244,20230203,S-005,456,140,112,22
DIV-00245,20240530,S-002,619,92,90,26
DIV-00246,20230220,S-001,598,81,40,19
DIV-00247,20240501,S-004,568,357,123,21
DIV-00248,20240105,S-003,733,210,81,18
DIV-00249,20230704,S-002,719,259,92,0
DIV-00250,20231004,S-001,101,96,167,2
DIV-00251,20231130,S-005,125,250,185,1
DIV-00252,20240329,S-002,545,323,81,29
DIV-00253,20230531,S-002,698,331,27,17
DIV-00254,20230105,S-004,117,103,100,28
DIV-00255,20230904,S-002,113,70,146,7
DIV-00256,20230618,S-004,439,104,127,22
DIV-00257,20240727,S-004,286,297,168,2
DIV-00258,20241204,S-001,114,361,179,3
DIV-00259,20240609,S-002,321,48,121,14
DIV-00260,20230110,S-004,178,351,196,14
DIV-00261,20240125,S-004,153,167,155,12
DIV-00262,20230228,S-002,235,139,179,23
DIV-00263,20230307,S-005,526,332,130,18
DIV-00264,20231109,S-005,208,297,176,20
DIV-00265,20230509,S-003,777,327,99,12
DIV-00266,20231227,S-003,243,98,94,8
DIV-00267,20230604,S-002,300,313,57,10
DIV-00268,20240405,S-004,600,372,51,18
DIV-00269,20241017,S-003,648,79,181,16
DIV-00270,20240802,S-005,130,242,140,24
DIV-00271,20231210,S-002,181,333,144,16
DIV-00272,20230427,S-001,180,69,68,15
DIV-00273,20240909,S-001,541,195,169,21
DIV-00274,20240621,S-003,181,183,145,20
DIV-00275,20241001,S-004,581,83,92,9
DIV-00276,20240816,S-004,540,130,36,8
DIV-00277,20230228,S-002,235,235,103,26
DIV-00278,20230108,S-003,245,246,39,1
DIV-00279,20230401,S-004,505,388,101,26
DIV-00280,20230425,S-003,565,307,135,10
DIV-00281,20240317,S-005,656,372,134,27
DIV-00282,20240624,S-002,155,326,92,10
DIV-00283,20231207,S-005,278,379,126,24
DIV-00284,20241020,S-001,160,176,51,21
DIV-00285,20240525,S-003,429,271,127,20
DIV-00286,20241001,S-002,411,168,90,21
DIV-00287,20240809,S-001,675,369,184,29
DIV-00288,20240418,S-005,432,327,14,14
DIV-00289,20240806,S-004,691,191,105,10
DIV-00290,20230817,S-005,442,210,37,12
DIV-00291,20230414,S-001,602,357,105,17
DIV-00292,20240106,S-005,380,291,135,6
DIV-00293,20230320,S-005,622,196,147,24
DIV-00294,20241221,S-003,537,82,180,14
DIV-00295,20240608,S-005,383,213,142,27
DIV-00296,20230421,S-003,760,368,83,26
DIV-00297,20240418,S-005,543,173,49,13
DIV-00298,20240322,S-002,209,64,164,1
DIV-00299,20230605,S-005,746,307,119,25
DIV-00300,20241205,S-002,312,255,63,2
DIV-00301,20230711,S-005,732,253,33,10
DIV-00302,20241014,S-001,189,330,197,8
DIV-00303,20231009,S-004,464,393,155,9
DIV-00304,20240618,S-005,100,90,97,8
DIV-00305,20230613,S-003,201,285,66,10
DIV-00306,20240810,S-004,239,342,180,28
DIV-00307,20231112,S-001,180,396,161,21
DIV-00308,20240815,S-001,450,143,99,25
DIV-00309,20231225,S-002,674,305,123,18
DIV-00310,20240715,S-002,379,382,64,12
DIV-00311,20240206,S-003,705,64,133,25
DIV-00312,20240509,S-004,192,318,104,3
DIV-00313,20231126,S-002,551,111,85,22
DIV-00314,20231210,S-004,413,76,15,22
DIV-00315,20231117,S-005,622,127,79,23
DIV-00316,20241029,S-004,723,196,89,18
DIV-00317,20231018,S-002,715,254,75,28
DIV-00318,20230202,S-003,470,359,150,17
DIV-00319,20230225,S-004,158,187,188,9
DIV-00320,20230521,S-003,602,222,161,10
DIV-00321,20230505,S-001,108,311,148,19
DIV-00322,20240414,S-001,160,397,23,20
DIV-00323,20230318,S-002,211,386,30,24
DIV-00324,20230827,S-005,527,78,59,15
DIV-00325,20231219,S-001,552,377,61,20
DIV-00326,20241228,S-005,125,373,64,14
DIV-00327,20240726,S-002,476,264,54,17
DIV-00328,20240412,S-004,325,377,118,26
DIV-00329,20240610,S-003,767,227,51,22
DIV-00330,20241211,S-003,180,236,12,27
DIV-00331,20240908,S-004,544,275,12,14
DIV-00332,20231214,S-004,574,251,30,7
DIV-00333,20241025,S-004,155,36,167,7
DIV-00334,20240522,S-003,545,293,92,1
DIV-00335,20230224,S-002,798,45,60,10
DIV-00336,20240226,S-003,625,314,116,18
DIV-00337,20230627,S-005,731,108,170,27
DIV-00338,20241110,S-004,687,66,148,9
DIV-00339,20230818,S-004,786,293,46,29
DIV-00340,20240430,S-002,702,295,174,27
DIV-00341,20231201,S-004,705,212,40,24
DIV-00342,20241111,S-001,766,168,125,13
DIV-00343,20231113,S-003,312,53,93,15
DIV-00344,20241207,S-002,799,391,138,26
DIV-00345,20230319,S-002,117,322,86,5
DIV-00346,20230922,S-002,589,345,116,27
DIV-00347,20241012,S-002,197,165,162,19
DIV-00348,20230315,S-004,748,117,12,15
DIV-00349,20230517,S-003,525,370,76,13
DIV-00350,20231003,S-002,577,316,45,13
DIV-00351,20230502,S-004,510,34,35,10
DIV-00352,20240515,S-005,137,149,89,27
DIV-00353,20241027,S-002,375,365,59,28
DIV-00354,20230713,S-002,201,281,177,9
DIV-00355,20241209,S-003,258,271,125,9
DIV-00356,20230508,S-004,650,95,105,10
DIV-00357,20230109,S-003,729,280,120,16
DIV-00358,20230227,S-001,247,156,191,9
DIV-00359,20240331,S-001,223,209,154,1
DIV-00360,20230805,S-001,687,69,170,20
DIV-00361,20230803,S-005,318,236,99,21
DIV-00362,20240601,S-001,601,169,71,9
DIV-00363,20230506,S-003,565,174,110,25
DIV-00364,20240526,S-002,783,353,150,20
DIV-00365,20231116,S-005,636,182,130,15
DIV-00366,20240403,S-003,280,340,150,27
DIV-00367,20230710,S-001,671,301,93,7
DIV-00368,20241023,S-003,356,53,29,6
DIV-00369,20231016,S-005,775,216,40,27
DIV-00370,20231210,S-003,146,125,131,3
DIV-00371,20230330,S-003,421,150,79,5
DIV-00372,20240205,S-002,436,171,143,24
DIV-00373,20240210,S-002,328,128,186,19
DIV-00374,20240811,S-004,611,230,26,8
DIV-00375,20230114,S-004,773,229,48,17
DIV-00376,20230120,S-005,548,338,114,14
DIV-00377,20240920,S-001,548,223,87,26
DIV-00378,20230513,S-005,737,191,34,20
DIV-00379,20230617,S-001,586,233,12,16
DIV-00380,20230831,S-005,352,100,110,6
DIV-00381,20231031,S-005,161,380,43,20
DIV-00382,20230302,S-001,394,94,183,20
DIV-00383,20231217,S-001,420,300,42,14
DIV-00384,20240816,S-005,130,319,193,17
DIV-00385,20231004,S-002,206,97,84,8
DIV-00386,20240316,S-004,659,368,43,27
DIV-00387,20240502,S-005,558,180,53,22
DIV-00388,20240221,S-001,701,384,151,19
DIV-00389,20231212,S-005,495,208,143,18
DIV-00390,20240118,S-005,689,318,131,17
DIV-00391,20240909,S-001,496,346,103,1
DIV-00392,20231110,S-005,746,345,155,21
DIV-00393,20240725,S-003,391,49,17,21
DIV-00394,20230406,S-003,529,296,15,6
DIV-00395,20240913,S-004,761,41,60,25
DIV-00396,20231117,S-002,404,180,27,3
DIV-00397,20230404,S-001,578,125,21,7
DIV-00398,20240415,S-004,662,68,194,26
DIV-00399,20241109,S-001,141,372,62,4
DIV-00400,20231114,S-004,316,74,67,17
DIV-00401,20231003,S-004,136,222,90,4
DIV-00402,20230427,S-005,154,201,137,21
DIV-00403,20241109,S-004,320,328,15,3
DIV-00404,20240711,S-002,768,212,60,29
DIV-00405,20240525,S-001,512,112,80,26
DIV-00406,20241005,S-003,764,244,185,21
DIV-00407,20241117,S-001,257,112,89,24
DIV-00408,20241006,S-003,485,344,116,27
DIV-00409,20240320,S-002,308,83,197,12
DIV-00410,20231129,S-001,748,169,154,20
DIV-00411,20230626,S-002,437,246,109,27
DIV-00412,20230829,S-001,436,51,103,25
DIV-00413,20230919,S-001,124,367,190,0
DIV-00414,20240521,S-005,492,87,199,9
DIV-00415,20230122,S-002,353,398,28,26
DIV-00416,20231219,S-003,264,374,178,29
DIV-00417,20240123,S-003,608,237,152,2
DIV-00418,20240430,S-004,252,346,11,14
DIV-00419,20240525,S-005,244,305,82,22
DIV-00420,20240928,S-003,188,226,32,28
DIV-00421,20240508,S-001,762,248,125,2
DIV-00422,20230916,S-002,173,227,10,5
DIV-00423,20240902,S-004,402,113,52,27
DIV-00424,20240209,S-004,442,362,171,24
DIV-00425,20240309,S-003,787,358,95,20
DIV-00426,20230425,S-003,173,380,93,9
DIV-00427,20241121,S-003,382,49,154,18
DIV-00428,20230613,S-002,178,288,28,19
DIV-00429,20241219,S-004,710,382,120,21
DIV-00430,20230211,S-004,172,382,77,8
DIV-00431,20230624,S-002,797,342,77,17
DIV-00432,20240813,S-004,708,312,139,22
DIV-00433,20230201,S-001,566,308,73,29
DIV-00434,20230315,S-003,687,307,198,4
DIV-00435,20240701,S-001,481,334,39,9
DIV-00436,20230612,S-001,601,287,71,16
DIV-00437,20230924,S-001,606,276,181,7
DIV-00438,20230211,S-004,257,198,56,20
DIV-00439,20230813,S-001,576,76,32,8
DIV-00440,20240623,S-001,554,95,15,3
DIV-00441,20240312,S-001,194,325,44,11
DIV-00442,20240622,S-004,220,141,188,14
DIV-00443,20240306,S-001,166,232,41,26
DIV-00444,20241029,S-004,771,213,199,2
DIV-00445,20241016,S-005,463,126,197,8
DIV-00446,20231028,S-005,654,112,85,0
DIV-00447,20230831,S-003,424,368,23,1
DIV-00448,20240218,S-002,490,239,29,3
DIV-00449,20231128,S-004,500,236,153,7
DIV-00450,20230912,S-003,448,381,192,27
DIV-00451,20240315,S-005,239,134,71,5
DIV-00452,20231127,S-002,328,236,144,17
DIV-00453,20240819,S-005,145,391,65,5
DIV-00454,20231205,S-002,242,213,151,23
DIV-00455,20230327,S-005,173,315,143,20
DIV-00456,20240618,S-002,583,267,103,4
DIV-00457,20231206,S-004,303,267,192,5
DIV-00458,20230709,S-001,101,123,43,10
DIV-00459,20240921,S-001,674,91,158,6
DIV-00460,20230104,S-001,139,38,125,23
DIV-00461,20240522,S-004,535,379,108,19
DIV-00462,20230224,S-004,343,398,180,27
DIV-00463,20230713,S-003,148,238,41,5
DIV-00464,20230103,S-002,566,109,154,15
DIV-00465,20230110,S-004,554,348,175,15
DIV-00466,20230212,S-003,563,257,44,28
DIV-00467,20240104,S-005,443,216,142,0
DIV-00468,20230806,S-002,619,177,21,15
DIV-00469,20231118,S-001,784,389,176,5
DIV-00470,20240414,S-004,453,290,160,3
DIV-00471,20230517,S-004,253,393,92,6
DIV-00472,20240819,S-002,661,234,50,20
DIV-00473,20231021,S-001,544,195,17,20
DIV-00474,20230531,S-003,787,178,133,1
DIV-00475,20230820,S-004,668,146,179,18
DIV-00476,20240221,S-005,104,92,191,14
DIV-00477,20230421,S-004,101,333,112,7
DIV-00478,20231112,S-003,478,71,22,0
DIV-00479,20230719,S-004,357,347,187,3
DIV-00480,20240125,S-004,627,296,116,19
DIV-00481,20240825,S-001,555,356,156,4
DIV-00482,20230127,S-003,741,306,60,7
DIV-00483,20240928,S-003,572,280,172,4
DIV-00484,20240507,S-004,690,273,145,0
DIV-00485,20240425,S-004,339,221,115,13
DIV-00486,20240903,S-002,629,391,183,24
DIV-00487,20241222,S-003,544,275,37,25
DIV-00488,20240307,S-005,527,359,64,26
DIV-00489,20240305,S-003,465,379,38,2
DIV-00490,20230323,S-003,155,100,80,17
DIV-00491,20230401,S-005,351,273,18,17
DIV-00492,20240409,S-003,357,319,118,28
DIV-00493,20240519,S-005,465,101,11,16
DIV-00494,20240221,S-005,490,206,185,17
DIV-00495,20240103,S-001,170,356,153,6
DIV-00496,20240610,S-005,195,90,95,13
DIV-00497,20240514,S-004,565,324,54,25
DIV-00498,20240217,S-003,353,259,141,26
DIV-00499,20230216,S-003,239,286,11,0
DIV-00500,20230708,S-005,119,379,156,21
DIV-00501,20241127,S-005,578,82,173,23
DIV-00502,20231207,S-001,693,52,83,4
DIV-00503,20230209,S-004,262,256,106,22
DIV-00504,20231005,S-001,182,310,89,28
DIV-00505,20230906,S-001,737,227,153,29
DIV-00506,20230310,S-002,715,175,152,12
DIV-00507,20240322,S-002,740,229,96,15
DIV-00508,20240925,S-003,581,156,125,26
DIV-00509,20240709,S-005,377,128,55,1
DIV-00510,20240822,S-005,725,68,168,26
DIV-00511,20231221,S-004,584,194,49,3
DIV-00512,20230912,S-005,160,378,134,26
DIV-00513,20230204,S-002,630,176,20,13
DIV-00514,20230128,S-001,244,70,103,22
DIV-00515,20241231,S-005,775,154,194,5
DIV-00516,20230909,S-003,547,226,57,12
DIV-00517,20231219,S-001,398,170,34,24
DIV-00518,20230224,S-003,230,213,137,9
DIV-00519,20240624,S-001,429,51,101,22
DIV-00520,20240422,S-002,464,197,163,16
DIV-00521,20231114,S-002,630,116,192,14
DIV-00522,20240314,S-004,456,69,171,20
DIV-00523,20230509,S-001,630,206,62,19
DIV-00524,20240206,S-003,297,217,98,20
DIV-00525,20230820,S-005,777,213,41,22
DIV-00526,20240817,S-001,715,285,19,14
DIV-00527,20230118,S-004,121,300,81,20
DIV-00528,20241221,S-004,558,154,112,1
DIV-00529,20241107,S-005,587,239,133,21
DIV-00530,20231107,S-001,253,155,14,10
DIV-00531,20231208,S-002,333,184,111,17
DIV-00532,20241109,S-005,797,390,57,4
DIV-00533,20240402,S-004,715,233,137,6
DIV-00534,20230420,S-003,746,380,131,23
DIV-00535,20240114,S-003,148,324,70,20
DIV-00536,20240123,S-002,187,54,65,9
DIV-00537,20231113,S-002,741,366,137,0
DIV-00538,20240715,S-002,491,133,199,9
DIV-00539,20230319,S-001,688,33,35,29
DIV-00540,20230315,S-004,686,376,134,26
DIV-00541,20240907,S-005,289,123,64,14
DIV-00542,20240212,S-005,503,118,110,22
DIV-00543,20240710,S-001,503,332,154,23
DIV-00544,20230115,S-001,114,47,126,27
DIV-00545,20240809,S-004,107,129,52,27
DIV-00546,20231010,S-005,147,364,176,29
DIV-00547,20240626,S-003,566,98,162,0
DIV-00548,20240908,S-001,734,280,85,4
DIV-00549,20241010,S-004,414,205,100,25
DIV-00550,20240601,S-003,639,227,163,7
DIV-00551,20230423,S-004,586,323,69,5
DIV-00552,20230324,S-003,605,272,20,7
DIV-00553,20230224,S-003,740,202,77,26
DIV-00554,20230506,S-003,433,176,67,2
DIV-00555,20241123,S-001,151,92,18,26
DIV-00556,20240815,S-005,612,309,90,13
DIV-00557,20231208,S-005,646,197,19,5
DIV-00558,20230720,S-002,136,202,40,8
DIV-00559,20230418,S-003,758,93,189,12
DIV-00560,20240307,S-004,157,126,69,12
DIV-00561,20240927,S-004,600,379,20,19
DIV-00562,20230529,S-001,115,322,14,19
DIV-00563,20240824,S-001,651,138,120,3
DIV-00564,20240222,S-001,537,314,172,20
DIV-00565,20230123,S-005,754,159,77,10
DIV-00566,20230910,S-004,248,129,165,17
DIV-00567,20230825,S-005,656,367,148,20
DIV-00568,20240206,S-004,439,353,138,5
DIV-00569,20240228,S-002,661,308,123,18
DIV-00570,20231203,S-003,586,233,19,11
DIV-00571,20240119,S-001,181,96,191,23
DIV-00572,20241222,S-005,439,323,113,10
DIV-00573,20241225,S-002,234,73,38,21
DIV-00574,20241008,S-005,560,87,81,9
DIV-00575,20230201,S-003,197,51,104,2
DIV-00576,20231128,S-001,480,101,83,2
DIV-00577,20231001,S-003,232,55,162,6
DIV-00578,20230515,S-002,107,92,34,14
DIV-00579,20240620,S-002,753,162,98,19
DIV-00580,20240414,S-001,269,321,137,14
DIV-00581,20230619,S-002,182,76,97,0
DIV-00582,20240718,S-002,342,361,125,7
DIV-00583,20241018,S-002,347,31,172,7
DIV-00584,20241213,S-004,322,71,18,9
DIV-00585,20230214,S-005,463,92,142,0
DIV-00586,20230904,S-002,509,152,10,18
DIV-00587,20230414,S-005,397,108,114,13
DIV-00588,20241028,S-003,324,330,79,6
DIV-00589,20240312,S-003,414,90,135,23
DIV-00590,20240813,S-001,607,393,12,3
DIV-00591,20241114,S-005,714,333,149,8
DIV-00592,20240315,S-001,479,309,105,29
DIV-00593,20240314,S-004,793,350,179,15
DIV-00594,20240113,S-005,735,145,145,25
DIV-00595,20240201,S-005,767,187,161,25
DIV-00596,20230903,S-005,249,206,193,22
DIV-00597,20231003,S-004,726,275,86,18
DIV-00598,20240504,S-003,649,347,56,24
DIV-00599,20230911,S-001,531,67,133,13
DIV-00600,20231012,S-001,528,166,45,21
DIV-00601,20231218,S-002,435,50,121,20
DIV-00602,20230319,S-003,745,80,52,10
DIV-00603,20231206,S-003,227,382,94,28
DIV-00604,20231025,S-004,270,240,179,0
DIV-00605,20230416,S-003,620,111,44,26
DIV-00606,20230902,S-002,272,188,177,26
DIV-00607,20240608,S-002,265,128,157,11
DIV-00608,20241130,S-004,628,327,46,16
DIV-00609,20230625,S-005,276,336,37,5
DIV-00610,20241107,S-005,766,141,53,19
DIV-00611,20231008,S-002,140,144,122,9
DIV-00612,20230710,S-002,680,214,57,25
DIV-00613,20231229,S-002,622,170,105,14
DIV-00614,20231117,S-004,583,50,84,7
DIV-00615,20230311,S-001,310,106,163,21
DIV-00616,20230502,S-002,702,55,142,12
DIV-00617,20240906,S-001,369,309,118,2
DIV-00618,20240730,S-001,619,229,177,21
DIV-00619,20240202,S-002,145,388,134,6
DIV-00620,20240316,S-005,321,338,110,28
DIV-00621,20230430,S-003,329,301,86,9
DIV-00622,20241101,S-003,305,266,20,17
DIV-00623,20230730,S-004,442,241,34,2
DIV-00624,20231107,S-003,403,337,15,14
DIV-00625,20230415,S-003,469,77,121,11
DIV-00626,20240406,S-001,520,192,162,7
DIV-00627,20240405,S-004,442,187,20,21
DIV-00628,20240111,S-004,199,351,176,11
DIV-00629,20240801,S-004,494,291,158,22
DIV-00630,20230423,S-005,777,284,159,26
DIV-00631,20230525,S-003,506,301,82,3
DIV-00632,20240208,S-001,613,236,27,24
DIV-00633,20240225,S-002,372,49,40,29
DIV-00634,20241114,S-004,223,239,63,21
DIV-00635,20241115,S-005,287,392,108,0
DIV-00636,20230606,S-002,578,303,30,15
DIV-00637,20231007,S-001,209,148,101,6
DIV-00638,20230930,S-003,723,283,151,14
DIV-00639,20240505,S-004,776,178,151,0
DIV-00640,20240610,S-001,782,393,173,6
DIV-00641,20240915,S-004,194,97,182,17
DIV-00642,20240726,S-003,344,161,45,15
DIV-00643,20230205,S-003,271,91,108,9
DIV-00644,20230405,S-005,628,327,94,8
DIV-00645,20240418,S-001,475,67,36,0
DIV-00646,20231029,S-005,419,92,168,20
DIV-00647,20230210,S-001,230,331,169,10
DIV-00648,20230207,S-003,365,126,77,13
DIV-00649,20241020,S-005,203,394,196,27
DIV-00650,20240331,S-005,715,182,150,0
DIV-00651,20230929,S-002,705,325,84,22
DIV-00652,20240725,S-002,709,281,42,15
DIV-00653,20240420,S-003,601,138,164,12
DIV-00654,20230905,S-005,526,295,147,10
DIV-00655,20240405,S-001,242,160,117,17
DIV-00656,20230811,S-005,304,292,41,21
DIV-00657,20240326,S-004,325,349,64,25
DIV-00658,20241017,S-005,572,57,53,9
DIV-00659,20230506,S-002,231,252,76,22
DIV-00660,20241004,S-001,653,130,35,24
DIV-00661,20240120,S-005,544,386,124,13
DIV-00662,20241014,S-003,461,280,111,2
DIV-00663,20241014,S-004,187,338,153,28
DIV-00664,20240311,S-004,276,246,166,13
DIV-00665,20231114,S-001,432,340,51,20
DIV-00666,20240404,S-004,557,345,157,14
DIV-00667,20240605,S-004,283,309,109,25
DIV-00668,20240727,S-001,615,45,151,25
DIV-00669,20240503,S-003,227,278,68,27
DIV-00670,20240420,S-001,320,80,99,27
DIV-00671,20230128,S-005,289,44,59,15
DIV-00672,20230703,S-003,390,84,107,23
DIV-00673,20231105,S-004,152,79,163,6
DIV-00674,20240824,S-005,129,61,101,7
DIV-00675,20230201,S-001,329,310,126,14
DIV-00676,20230509,S-002,315,371,178,7
DIV-00677,20230401,S-004,105,92,56,14
DIV-00678,20231110,S-005,294,258,19,0
DIV-00679,20240611,S-003,731,353,157,24
DIV-00680,20230126,S-004,597,296,144,29
DIV-00681,20241228,S-003,458,186,85,8
DIV-00682,20240202,S-002,244,271,180,17
DIV-00683,20230314,S-003,674,325,161,18
DIV-00684,20240524,S-003,746,30,68,26
DIV-00685,20231215,S-003,723,208,136,13
DIV-00686,20231028,S-001,764,61,38,20
DIV-00687,20230411,S-005,662,313,174,1
DIV-00688,20230909,S-004,467,43,96,27
DIV-00689,20241114,S-001,774,396,184,27
DIV-00690,20240429,S-005,226,355,185,3
DIV-00691,20240225,S-003,104,140,159,25
DIV-00692,20241002,S-003,300,218,179,11
DIV-00693,20240918,S-003,343,67,124,21
DIV-00694,20231022,S-002,574,195,105,6
DIV-00695,20240826,S-001,279,81,135,7
DIV-00696,20231203,S-005,706,396,150,0
DIV-00697,20230302,S-003,564,96,143,19
DIV-00698,20231129,S-003,339,318,182,8
DIV-00699,20230726,S-003,710,121,189,28
DIV-00700,20240612,S-003,280,93,24,28
DIV-00701,20230306,S-005,172,242,84,16
DIV-00702,20240701,S-003,351,263,196,16
DIV-00703,20230104,S-005,464,161,35,26
DIV-00704,20230721,S-004,662,368,158,27
DIV-00705,20230327,S-001,319,133,134,11
DIV-00706,20240612,S-003,765,316,119,16
DIV-00707,20230530,S-005,720,269,48,26
DIV-00708,20241022,S-004,759,325,130,28
DIV-00709,20231226,S-004,546,189,143,19
DIV-00710,20241204,S-002,752,48,54,19
DIV-00711,20240404,S-002,344,247,29,21
DIV-00712,20241128,S-004,154,360,109,23
DIV-00713,20230122,S-003,471,190,189,0
DIV-00714,20230707,S-003,483,183,164,17
DIV-00715,20230617,S-002,184,353,152,20
DIV-00716,20240802,S-005,440,366,130,2
DIV-00717,20241215,S-003,115,272,111,6
DIV-00718,20240416,S-004,579,245,43,29
DIV-00719,20230407,S-005,270,299,134,26
DIV-00720,20240228,S-001,623,91,115,0
DIV-00721,20240317,S-003,771,353,106,7
DIV-00722,20230222,S-003,142,82,174,23
DIV-00723,20231029,S-004,214,316,184,19
DIV-00724,20231226,S-002,136,152,73,0
DIV-00725,20230727,S-005,522,255,127,25
DIV-00726,20240129,S-005,689,317,156,8
DIV-00727,20241014,S-002,362,350,17,7
DIV-00728,20241101,S-003,165,378,163,17
DIV-00729,20240311,S-002,572,55,148,11
DIV-00730,20241122,S-003,645,376,58,6
DIV-00731,20240228,S-005,694,352,146,28
DIV-00732,20241119,S-004,445,361,84,1
DIV-00733,20241230,S-003,584,245,17,22
DIV-00734,20240511,S-001,259,207,46,6
DIV-00735,20240809,S-003,517,220,184,6
DIV-00736,20240214,S-002,482,202,171,21
DIV-00737,20240703,S-005,733,365,45,28
DIV-00738,20230831,S-003,381,329,29,24
DIV-00739,20230909,S-004,235,197,141,24
DIV-00740,20240515,S-003,783,369,154,19
DIV-00741,20241010,S-005,178,344,28,15
DIV-00742,20240613,S-005,386,333,187,12
DIV-00743,20230628,S-004,403,225,135,24
DIV-00744,20230508,S-005,639,137,153,16
DIV-00745,20240313,S-004,738,55,123,24
DIV-00746,20240314,S-001,729,183,70,5
DIV-00747,20240304,S-003,472,165,137,14
DIV-00748,20231212,S-005,580,187,125,19
DIV-00749,20230913,S-005,618,53,122,20
DIV-00750,20230731,S-004,529,393,44,24
DIV-00751,20240914,S-001,368,390,111,26
DIV-00752,20240910,S-002,320,209,52,0
DIV-00753,20240419,S-001,528,358,114,8
DIV-00754,20230428,S-004,114,52,188,9
DIV-00755,20240101,S-001,288,369,27,10
DIV-00756,20230305,S-005,258,362,162,0
DIV-00757,20240625,S-003,644,388,117,13
DIV-00758,20230718,S-002,621,152,37,8
DIV-00759,20240508,S-005,569,261,197,17
DIV-00760,20230909,S-003,478,363,79,26
DIV-00761,20241208,S-001,425,153,135,18
DIV-00762,20230422,S-002,484,149,177,2
DIV-00763,20240910,S-004,471,104,52,6
DIV-00764,20231216,S-001,670,372,131,10
DIV-00765,20230629,S-004,501,110,184,1
DIV-00766,20230919,S-003,462,340,90,11
DIV-00767,20240907,S-002,370,84,56,23
DIV-00768,20231023,S-004,743,367,68,22
DIV-00769,20240118,S-003,263,240,109,3
DIV-00770,20230801,S-005,313,209,195,3
DIV-00771,20241111,S-004,121,118,39,15
DIV-00772,20230505,S-004,437,260,42,6
DIV-00773,20240515,S-005,531,387,35,23
DIV-00774,20230524,S-002,391,309,86,28
DIV-00775,20240906,S-005,464,294,47,23
DIV-00776,20240311,S-001,419,160,87,6
DIV-00777,20240828,S-001,170,167,144,1
DIV-00778,20230703,S-005,618,287,87,23
DIV-00779,20240204,S-002,349,333,43,1
DIV-00780,20240204,S-002,619,200,28,27
DIV-00781,20230129,S-005,106,392,93,3
DIV-00782,20240711,S-001,370,71,191,29
DIV-00783,20230809,S-005,168,175,178,9
DIV-00784,20240310,S-001,389,377,101,17
DIV-00785,20231217,S-004,225,131,132,5
DIV-00786,20240517,S-001,517,181,20,26
DIV-00787,20240903,S-004,135,340,110,16
DIV-00788,20230502,S-004,378,74,101,4
DIV-00789,20240603,S-005,217,159,89,25
DIV-00790,20241111,S-004,614,63,121,13
DIV-00791,20230510,S-001,531,232,122,11
DIV-00792,20231203,S-003,429,348,127,2
DIV-00793,20230306,S-002,690,362,63,19
DIV-00794,20241118,S-005,248,356,90,12
DIV-00795,20240221,S-004,728,282,89,15
DIV-00796,20230926,S-003,619,201,94,10
DIV-00797,20241210,S-003,410,77,32,19
DIV-00798,20230224,S-005,308,236,185,28
DIV-00799,20240529,S-004,305,233,71,16
DIV-00800,20231003,S-004,740,183,26,29
DIV-00801,20230816,S-001,369,299,169,9
DIV-00802,20230609,S-001,493,209,142,3
DIV-00803,20230131,S-003,789,58,146,4
DIV-00804,20241211,S-003,669,106,33,25
DIV-00805,20240621,S-001,199,376,13,4
DIV-00806,20230527,S-001,551,204,29,3
DIV-00807,20240928,S-005,353,359,116,18
DIV-00808,20230720,S-002,195,325,51,16
DIV-00809,20230126,S-004,287,234,187,19
DIV-00810,20231230,S-005,583,347,22,15
DIV-00811,20230514,S-001,664,243,117,4
DIV-00812,20230729,S-002,208,387,87,16
DIV-00813,20240831,S-004,402,292,93,14
DIV-00814,20231228,S-004,313,356,188,1
DIV-00815,20240610,S-002,156,95,94,28
DIV-00816,20240218,S-004,295,88,107,0
DIV-00817,20241009,S-005,754,158,173,18
DIV-00818,20230304,S-001,600,149,15,23
DIV-00819,20241130,S-004,159,172,35,7
DIV-00820,20230117,S-002,500,391,125,24
DIV-00821,20230125,S-003,107,71,46,8
DIV-00822,20231229,S-001,746,85,100,27
DIV-00823,20241002,S-002,141,304,165,29
DIV-00824,20240512,S-003,536,381,53,5
DIV-00825,20230301,S-004,106,71,193,1
DIV-00826,20240322,S-005,723,286,145,24
DIV-00827,20240803,S-005,635,234,85,15
DIV-00828,20240408,S-003,587,36,109,18
DIV-00829,20241230,S-004,237,165,18,28
DIV-00830,20240225,S-001,749,171,72,8
DIV-00831,20240322,S-002,265,191,28,14
DIV-00832,20230505,S-003,507,169,20,25
DIV-00833,20230719,S-001,186,219,47,25
DIV-00834,20240214,S-001,266,105,178,26
DIV-00835,20231215,S-003,140,36,38,6
DIV-00836,20240404,S-005,463,136,182,19
DIV-00837,20241107,S-001,625,391,107,27
DIV-00838,20230222,S-003,474,336,13,12
DIV-00839,20241101,S-001,128,193,88,29
DIV-00840,20240309,S-002,202,294,139,19
DIV-00841,20240420,S-004,274,33,174,28
DIV-00842,20241001,S-001,368,78,47,19
DIV-00843,20230303,S-001,146,346,84,7
DIV-00844,20241020,S-002,746,91,10,4
DIV-00845,20240724,S-004,770,102,71,15
DIV-00846,20230504,S-001,236,165,82,1
DIV-00847,20231013,S-004,412,284,30,10
DIV-00848,20230509,S-002,658,165,84,29
DIV-00849,20240722,S-004,196,162,29,13
DIV-00850,20240227,S-004,422,159,98,27
DIV-00851,20241231,S-003,286,144,22,5
DIV-00852,20231222,S-001,744,345,53,17
DIV-00853,20230529,S-004,142,112,168,22
DIV-00854,20241002,S-005,603,324,12,7
DIV-00855,20230614,S-001,261,87,178,8
DIV-00856,20230410,S-002,358,328,191,0
DIV-00857,20230502,S-002,298,235,89,19
DIV-00858,20230117,S-002,141,376,109,21
DIV-00859,20241211,S-003,714,63,52,11
DIV-00860,20240729,S-003,421,190,42,13
DIV-00861,20230601,S-003,729,210,95,10
DIV-00862,20240315,S-005,297,341,135,22
DIV-00863,20240710,S-003,266,346,23,7
DIV-00864,20240118,S-004,529,83,157,15
DIV-00865,20230315,S-001,578,64,59,14
DIV-00866,20230508,S-004,243,96,91,12
DIV-00867,20231016,S-003,239,350,123,7
DIV-00868,20240731,S-001,368,214,51,12
DIV-00869,20230317,S-004,536,245,183,16
DIV-00870,20240106,S-005,226,198,169,8
DIV-00871,20240927,S-002,645,35,14,23
DIV-00872,20231202,S-001,682,74,47,22
DIV-00873,20240222,S-004,567,283,74,7
DIV-00874,20240515,S-004,586,302,11,4
DIV-00875,20240324,S-001,532,197,42,28
DIV-00876,20230320,S-005,411,167,120,11
DIV-00877,20230715,S-002,456,272,62,29
DIV-00878,20230125,S-001,419,243,168,29
DIV-00879,20241105,S-002,221,139,184,26
DIV-00880,20240611,S-004,196,375,177,11
DIV-00881,20241127,S-001,347,345,148,17
DIV-00882,20231010,S-001,791,121,47,13
DIV-00883,20230617,S-005,618,191,80,21
DIV-00884,20231110,S-002,686,365,97,25
DIV-00885,20240824,S-004,544,343,126,27
DIV-00886,20230331,S-004,268,216,22,20
DIV-00887,20230404,S-004,727,244,88,23
DIV-00888,20231223,S-004,401,200,45,16
DIV-00889,20240716,S-002,321,133,136,28
DIV-00890,20240720,S-001,397,213,122,12
DIV-00891,20241107,S-004,692,148,150,22
DIV-00892,20240920,S-005,105,71,29,1
DIV-00893,20240325,S-002,684,145,193,16
DIV-00894,20241027,S-001,298,276,168,20
DIV-00895,20230604,S-005,795,34,140,24
DIV-00896,20240731,S-005,477,224,131,18
DIV-00897,20240821,S-001,119,158,151,26
DIV-00898,20230911,S-005,616,389,16,21
DIV-00899,20230923,S-001,130,90,189,24
DIV-00900,20240712,S-001,450,323,177,5
DIV-00901,20240918,S-003,502,335,107,13
DIV-00902,20241106,S-001,289,71,104,12
DIV-00903,20240402,S-001,530,303,191,12
DIV-00904,20230825,S-005,659,47,143,8
DIV-00905,20230425,S-003,506,260,106,25
DIV-00906,20240302,S-001,134,109,17,22
DIV-00907,20230929,S-003,637,53,175,12
DIV-00908,20240124,S-001,677,73,118,13
DIV-00909,20230304,S-001,724,122,81,1
DIV-00910,20231005,S-004,725,346,109,28
DIV-00911,20230930,S-005,519,184,172,8
DIV-00912,20230709,S-001,653,219,90,3
DIV-00913,20230507,S-005,102,36,63,24
DIV-00914,20230117,S-002,257,301,138,0
DIV-00915,20230307,S-001,652,265,155,16
DIV-00916,20230730,S-002,155,348,146,10
DIV-00917,20230729,S-003,613,330,149,14
DIV-00918,20241127,S-002,740,229,128,24
DIV-00919,20240623,S-003,372,373,88,25
DIV-00920,20240126,S-003,327,191,21,5
DIV-00921,20230827,S-004,714,211,108,27
DIV-00922,20240612,S-005,398,275,149,22
DIV-00923,20240814,S-003,114,91,102,15
DIV-00924,20240201,S-005,296,136,99,25
DIV-00925,20231017,S-002,754,53,113,13
DIV-00926,20230925,S-004,117,390,10,23
DIV-00927,20230306,S-003,661,263,60,26
DIV-00928,20230101,S-003,515,117,42,14
DIV-00929,20231007,S-004,106,351,85,22
DIV-00930,20241114,S-004,304,395,15,0
DIV-00931,20241104,S-002,384,333,16,27
DIV-00932,20240302,S-003,161,137,52,17
DIV-00933,20230430,S-004,246,345,93,25
DIV-00934,20230719,S-001,623,282,32,16
DIV-00935,20240322,S-001,422,183,120,18
DIV-00936,20240321,S-001,330,252,197,4
DIV-00937,20241022,S-002,684,240,189,10
DIV-00938,20241119,S-003,466,332,14,6
DIV-00939,20240929,S-005,520,368,106,11
DIV-00940,20240909,S-004,316,233,111,26
DIV-00941,20230225,S-003,479,124,188,27
DIV-00942,20230412,S-004,631,66,72,7
DIV-00943,20231101,S-002,331,60,61,17
DIV-00944,20240619,S-002,135,142,15,0
DIV-00945,20240703,S-004,479,46,160,17
DIV-00946,20240816,S-004,497,389,140,28
DIV-00947,20231209,S-001,321,365,190,1
DIV-00948,20230409,S-001,192,398,52,28
DIV-00949,20240803,S-003,296,144,129,21
DIV-00950,20230527,S-001,756,374,111,15
DIV-00951,20230924,S-002,608,359,169,24
DIV-00952,20231224,S-003,769,82,17,1
DIV-00953,20230327,S-004,302,295,177,29
DIV-00954,20230723,S-004,325,163,128,7
DIV-00955,20240707,S-001,299,64,64,0
DIV-00956,20230309,S-001,133,240,63,23
DIV-00957,20240204,S-002,114,271,114,27
DIV-00958,20230121,S-005,259,313,172,22
DIV-00959,20231113,S-003,724,178,78,5
DIV-00960,20230812,S-001,554,192,36,8
DIV-00961,20230402,S-005,480,43,142,27
DIV-00962,20240811,S-002,144,254,97,26
DIV-00963,20231206,S-001,522,69,31,8
DIV-00964,20230623,S-001,691,278,39,13
DIV-00965,20240708,S-004,200,157,148,23
DIV-00966,20231114,S-005,441,152,155,9
DIV-00967,20241002,S-004,680,55,20,22
DIV-00968,20240920,S-005,779,185,60,13
DIV-00969,20240618,S-001,328,178,165,9
DIV-00970,20240406,S-003,159,191,117,21
DIV-00971,20230909,S-002,137,168,154,28
DIV-00972,20231229,S-003,237,303,191,9
DIV-00973,20240826,S-002,119,368,126,2
DIV-00974,20241120,S-005,179,225,97,16
DIV-00975,20230918,S-002,702,251,33,13
DIV-00976,20230627,S-002,754,399,154,9
DIV-00977,20230109,S-001,344,159,134,13
DIV-00978,20240517,S-002,490,167,111,20
DIV-00979,20240323,S-004,226,340,77,21
DIV-00980,20240714,S-002,712,347,199,11
DIV-00981,20230921,S-003,698,381,78,5
DIV-00982,20240922,S-001,256,242,186,5
DIV-00983,20230802,S-003,718,71,76,4
DIV-00984,20230521,S-005,753,96,102,8
DIV-00985,20230204,S-003,533,35,84,2
DIV-00986,20230701,S-005,555,73,75,21
DIV-00987,20230702,S-003,580,85,114,9
DIV-00988,20240606,S-001,516,117,105,26
DIV-00989,20231006,S-001,434,64,54,24
DIV-00990,20230715,S-005,638,345,82,12
DIV-00991,20240923,S-002,662,264,144,24
DIV-00992,20231216,S-005,442,91,89,7
DIV-00993,20230216,S-002,425,108,172,28
DIV-00994,20230218,S-004,609,333,155,6
DIV-00995,20230427,S-004,521,182,148,27
DIV-00996,20240918,S-002,115,293,116,19
DIV-00997,20230706,S-001,721,271,187,12
DIV-00998,20230615,S-005,227,354,68,17
DIV-00999,20240915,S-002,597,208,77,7
DIV-01000,20230805,S-002,236,109,167,19
DIV-01001,20230916,S-005,177,272,37,3
DIV-01002,20240423,S-001,451,210,91,26
DIV-01003,20230420,S-002,299,262,126,29
DIV-01004,20230613,S-003,295,351,118,16
DIV-01005,20240408,S-004,658,348,41,23
DIV-01006,20240606,S-005,383,119,195,28
DIV-01007,20241222,S-005,594,83,92,28
DIV-01008,20230630,S-004,485,308,98,2
DIV-01009,20230504,S-003,792,226,33,25
DIV-01010,20240130,S-001,169,318,199,2
DIV-01011,20240408,S-001,546,238,138,27
DIV-01012,20241212,S-002,245,49,110,12
DIV-01013,20241115,S-003,394,238,93,2
DIV-01014,20230801,S-004,380,356,118,12
DIV-01015,20230302,S-005,659,81,32,25
DIV-01016,20230128,S-003,150,376,43,28
DIV-01017,20241011,S-004,100,359,30,2
DIV-01018,20230210,S-001,785,117,185,15
DIV-01019,20230412,S-002,354,305,44,29
DIV-01020,20240203,S-004,383,306,120,21
DIV-01021,20241025,S-001,262,75,176,28
DIV-01022,20240809,S-004,539,94,105,2
DIV-01023,20241028,S-005,153,297,121,4
DIV-01024,20240203,S-002,486,325,151,29
DIV-01025,20230222,S-004,700,141,189,5
DIV-01026,20240610,S-002,270,79,115,17
DIV-01027,20240203,S-002,140,368,67,27
DIV-01028,20230624,S-004,192,221,100,2
DIV-01029,20240812,S-005,718,201,87,18
DIV-01030,20240714,S-002,617,87,69,6
DIV-01031,20241229,S-002,426,288,164,2
DIV-01032,20241231,S-003,549,210,59,6
DIV-01033,20240821,S-001,398,229,26,12
DIV-01034,20240227,S-005,783,213,162,1
DIV-01035,20241030,S-002,392,258,104,20
DIV-01036,20240730,S-002,498,63,170,28
DIV-01037,20241126,S-004,292,302,11,12
DIV-01038,20231213,S-002,210,176,63,19
DIV-01039,20230707,S-002,356,211,191,19
DIV-01040,20230126,S-005,307,179,35,9
DIV-01041,20230308,S-004,671,106,143,0
DIV-01042,20231001,S-002,602,242,88,29
DIV-01043,20240507,S-005,701,357,193,9
DIV-01044,20230412,S-002,477,34,57,4
DIV-01045,20231106,S-005,705,234,36,22
DIV-01046,20240814,S-004,106,344,162,20
DIV-01047,20231012,S-002,640,87,72,7
DIV-01048,20230214,S-001,352,381,96,11
DIV-01049,20240706,S-004,647,181,30,25
DIV-01050,20241208,S-005,170,58,28,19
DIV-01051,20241201,S-001,147,298,56,21
DIV-01052,20231205,S-001,117,394,131,10
DIV-01053,20240607,S-002,298,155,193,13
DIV-01054,20240519,S-004,319,206,146,20
DIV-01055,20230905,S-001,601,239,98,7
DIV-01056,20240417,S-004,312,220,131,18
DIV-01057,20240512,S-001,453,46,135,25
DIV-01058,20230907,S-005,716,307,110,21
DIV-01059,20240130,S-004,566,224,72,19
DIV-01060,20241019,S-002,510,357,170,18
DIV-01061,20231223,S-001,617,363,178,12
DIV-01062,20230913,S-005,614,172,159,12
DIV-01063,20230812,S-004,380,173,139,28
DIV-01064,20231108,S-004,444,114,191,13
DIV-01065,20230824,S-003,212,353,65,7
DIV-01066,20241212,S-002,459,283,193,29
DIV-01067,20230220,S-005,753,345,52,28
DIV-01068,20230827,S-001,609,97,41,13
DIV-01069,20240913,S-001,274,228,20,4
DIV-01070,20240430,S-003,260,274,91,24
DIV-01071,20230303,S-002,435,263,109,1
DIV-01072,20230128,S-004,234,396,155,4
DIV-01073,20230302,S-003,509,384,181,9
DIV-01074,20240625,S-004,123,287,130,14
DIV-01075,20230604,S-002,230,84,183,26
DIV-01076,20230529,S-005,634,32,53,9
DIV-01077,20230825,S-001,329,162,62,0
DIV-01078,20230814,S-005,264,310,18,26
DIV-01079,20240425,S-004,735,139,66,15
DIV-01080,20231025,S-002,422,319,12,20
DIV-01081,20240723,S-002,137,49,146,9
DIV-01082,20240610,S-003,597,224,135,4
DIV-01083,20230803,S-002,439,282,44,22
DIV-01084,20231020,S-003,532,31,73,12
DIV-01085,20240505,S-005,400,213,187,10
DIV-01086,20241025,S-003,300,308,14,12
DIV-01087,20240731,S-001,610,178,104,20
DIV-01088,20240209,S-002,584,110,48,9
DIV-01089,20230409,S-003,441,310,176,16
DIV-01090,20230708,S-004,490,226,34,3
DIV-01091,20230514,S-003,788,388,50,19
DIV-01092,20230107,S-002,569,369,134,19
DIV-01093,20230312,S-004,317,252,73,21
DIV-01094,20240822,S-004,248,374,183,23
DIV-01095,20240604,S-005,588,92,28,0
DIV-01096,20241210,S-003,552,385,137,9
DIV-01097,20231214,S-001,158,326,17,11
DIV-01098,20230717,S-001,353,76,147,20
DIV-01099,20240213,S-001,489,121,144,9
DIV-01100,20230826,S-001,173,153,65,0
DIV-01101,20230917,S-003,146,58,189,15
DIV-01102,20241104,S-005,116,336,58,17
DIV-01103,20240308,S-004,778,154,89,6
DIV-01104,20231002,S-004,230,250,27,10
DIV-01105,20240822,S-004,708,248,73,7
DIV-01106,20230505,S-004,702,300,51,0
DIV-01107,20230717,S-002,670,341,61,8
DIV-01108,20230228,S-001,542,376,154,17
DIV-01109,20231124,S-003,279,273,81,2
DIV-01110,20231220,S-004,483,141,37,17
DIV-01111,20240110,S-005,110,221,54,25
DIV-01112,20240126,S-003,642,64,18,1
DIV-01113,20231106,S-002,689,328,69,3
DIV-01114,20241223,S-002,540,164,149,11
DIV-01115,20240924,S-001,482,298,135,1
DIV-01116,20230405,S-002,474,216,186,5
DIV-01117,20240316,S-004,608,92,136,1
DIV-01118,20240303,S-002,341,113,137,1
DIV-01119,20240629,S-001,144,314,186,29
DIV-01120,20240329,S-002,412,48,133,28
DIV-01121,20230629,S-003,331,165,112,25
DIV-01122,20231217,S-005,527,127,142,23
DIV-01123,20231024,S-002,501,260,170,5
DIV-01124,20231015,S-001,426,42,193,5
DIV-01125,20240627,S-002,349,66,76,22
DIV-01126,20240509,S-005,291,84,34,28
DIV-01127,20240212,S-005,744,48,188,24
DIV-01128,20230920,S-002,644,43,152,9
DIV-01129,20230411,S-001,315,92,25,8
DIV-01130,20240504,S-001,672,174,47,29
DIV-01131,20241018,S-003,112,202,74,28
DIV-01132,20240803,S-001,655,58,123,17
DIV-01133,20240709,S-005,453,372,181,18
DIV-01134,20230404,S-003,726,151,120,13
DIV-01135,20230528,S-002,516,182,155,16
DIV-01136,20230902,S-005,693,279,45,8
DIV-01137,20230829,S-002,428,161,52,20
DIV-01138,20241210,S-002,337,267,161,10
DIV-01139,20230331,S-003,484,158,123,17
DIV-01140,20231126,S-004,770,156,163,3
DIV-01141,20240503,S-005,421,32,12,1
DIV-01142,20230428,S-003,246,347,172,26
DIV-01143,20230905,S-004,216,260,175,2
DIV-01144,20230813,S-002,401,119,92,24
DIV-01145,20230727,S-004,594,232,20,8
DIV-01146,20240629,S-001,522,204,107,4
DIV-01147,20230809,S-001,578,275,99,26
DIV-01148,20230503,S-005,375,317,130,17
DIV-01149,20231129,S-005,397,63,133,4
DIV-01150,20240522,S-002,278,320,64,10
DIV-01151,20231109,S-002,152,221,158,28
DIV-01152,20230214,S-005,175,347,20,5
DIV-01153,20241029,S-002,234,348,179,22
DIV-01154,20240223,S-002,628,141,114,21
DIV-01155,20231007,S-002,744,386,149,22
DIV-01156,20230315,S-005,570,126,52,20
DIV-01157,20241112,S-004,286,242,102,1
DIV-01158,20231102,S-004,341,235,195,11
DIV-01159,20241109,S-005,466,391,45,6
DIV-01160,20241226,S-004,436,314,157,22
DIV-01161,20240703,S-005,655,253,178,18
DIV-01162,20241010,S-002,367,296,56,22
DIV-01163,20230525,S-002,541,371,45,5
DIV-01164,20230313,S-004,784,100,15,27
DIV-01165,20230905,S-004,194,284,135,15
DIV-01166,20230405,S-003,424,395,133,12
DIV-01167,20230424,S-001,272,379,55,10
DIV-01168,20230314,S-002,474,54,81,17
DIV-01169,20231215,S-004,303,85,111,28
DIV-01170,20240418,S-003,182,257,105,19
DIV-01171,20230917,S-005,187,388,43,13
DIV-01172,20240822,S-005,225,392,30,6
DIV-01173,20240701,S-004,774,167,41,6
DIV-01174,20230817,S-002,791,352,33,20
DIV-01175,20240311,S-001,241,336,73,23
DIV-01176,20230907,S-003,320,394,192,26
DIV-01177,20240404,S-005,178,261,152,11
DIV-01178,20230908,S-004,622,255,91,3
DIV-01179,20230601,S-002,703,359,22,29
DIV-01180,20231203,S-005,152,45,11,7
DIV-01181,20240504,S-001,431,84,41,3
DIV-01182,20231201,S-001,184,383,174,12
DIV-01183,20240205,S-001,524,288,86,14
DIV-01184,20230817,S-005,718,159,155,20
DIV-01185,20230814,S-005,342,192,145,0
DIV-01186,20240510,S-005,131,281,104,1
DIV-01187,20240131,S-002,784,38,73,14
DIV-01188,20240607,S-001,179,327,184,16
DIV-01189,20240105,S-003,121,324,13,17
DIV-01190,20240323,S-004,700,38,114,9
DIV-01191,20240710,S-002,410,337,64,8
DIV-01192,20230925,S-001,231,65,117,12
DIV-01193,20240403,S-003,218,105,61,15
DIV-01194,20231227,S-001,333,293,186,17
DIV-01195,20230519,S-003,590,266,25,16
DIV-01196,20240729,S-003,135,153,158,24
DIV-01197,20231018,S-004,423,229,140,6
DIV-01198,20230620,S-005,520,240,181,16
DIV-01199,20240623,S-003,217,201,151,21
DIV-01200,20240110,S-003,339,399,156,28
DIV-01201,20231211,S-001,140,390,171,27
DIV-01202,20230401,S-003,232,159,80,2
DIV-01203,20230929,S-002,705,179,85,19
DIV-01204,20230620,S-003,103,67,191,26
DIV-01205,20240615,S-002,219,48,138,20
DIV-01206,20231203,S-002,261,234,161,24
DIV-01207,20240607,S-005,163,174,180,20
DIV-01208,20230106,S-001,423,250,10,4
DIV-01209,20230509,S-001,120,34,197,19
DIV-01210,20230617,S-004,373,234,85,26
DIV-01211,20240920,S-001,158,320,152,7
DIV-01212,20240220,S-004,738,294,78,13
DIV-01213,20230804,S-002,196,134,148,26
DIV-01214,20240213,S-002,653,156,106,2
DIV-01215,20230422,S-001,142,387,103,15
DIV-01216,20230729,S-005,371,319,176,14
DIV-01217,20230827,S-003,373,330,108,19
DIV-01218,20230727,S-001,368,121,182,19
DIV-01219,20241105,S-003,524,288,26,23
DIV-01220,20230803,S-001,248,277,95,22
DIV-01221,20230521,S-004,634,277,194,18
DIV-01222,20240208,S-004,701,159,81,24
DIV-01223,20240824,S-004,473,71,73,27
DIV-01224,20240308,S-003,112,175,167,11
DIV-01225,20231211,S-004,314,324,36,21
DIV-01226,20240727,S-005,525,181,178,15
DIV-01227,20230306,S-003,392,40,106,26
DIV-01228,20240730,S-002,252,33,101,9
DIV-01229,20240702,S-002,234,68,110,5
DIV-01230,20241122,S-002,138,251,190,23
DIV-01231,20240328,S-005,329,204,21,3
DIV-01232,20240223,S-004,799,158,66,24
DIV-01233,20230801,S-005,346,367,78,17
DIV-01234,20230611,S-004,308,105,152,10
DIV-01235,20240203,S-002,766,326,156,25
DIV-01236,20230711,S-003,389,66,30,29
DIV-01237,20230901,S-002,395,389,176,0
DIV-01238,20230907,S-004,741,64,178,18
DIV-01239,20230220,S-001,747,156,193,27
DIV-01240,20240411,S-002,367,226,115,25
DIV-01241,20240428,S-002,326,330,197,8
DIV-01242,20240620,S-003,429,94,133,12
DIV-01243,20231031,S-005,395,133,82,19
DIV-01244,20230725,S-001,564,299,184,26
DIV-01245,20230820,S-001,443,49,152,3
DIV-01246,20230122,S-002,590,148,145,11
DIV-01247,20230607,S-002,350,268,15,9
DIV-01248,20240405,S-003,368,291,198,27
DIV-01249,20231030,S-001,670,376,167,25
DIV-01250,20230405,S-002,412,287,139,20
DIV-01251,20240104,S-005,468,133,90,24
DIV-01252,20240301,S-004,426,314,125,12
DIV-01253,20231002,S-001,723,260,60,4
DIV-01254,20230309,S-003,553,201,181,19
DIV-01255,20240815,S-005,116,31,116,24
DIV-01256,20240329,S-005,134,92,80,11
DIV-01257,20231010,S-002,269,231,155,5
DIV-01258,20230730,S-002,693,334,111,2
DIV-01259,20240419,S-002,221,256,194,8
DIV-01260,20240128,S-003,549,36,32,16
DIV-01261,20240429,S-005,496,184,22,7
DIV-01262,20230319,S-003,254,194,116,4
DIV-01263,20241031,S-005,157,204,43,9
DIV-01264,20230512,S-002,752,321,186,0
DIV-01265,20230427,S-005,674,390,36,6
DIV-01266,20230222,S-004,244,70,21,21
DIV-01267,20230120,S-001,386,66,179,24
DIV-01268,20240417,S-004,785,252,78,19
DIV-01269,20231110,S-003,452,171,121,21
DIV-01270,20240830,S-004,712,300,91,9
DIV-01271,20230708,S-002,353,139,199,9
DIV-01272,20240929,S-002,148,250,184,23
DIV-01273,20231230,S-002,686,194,160,11
DIV-01274,20231009,S-004,788,371,53,12
DIV-01275,20230922,S-003,117,269,113,24
DIV-01276,20240824,S-004,560,258,168,29
DIV-01277,20231127,S-005,513,263,182,13
DIV-01278,20241206,S-001,556,388,25,25
DIV-01279,20231219,S-004,122,382,187,17
DIV-01280,20230624,S-001,343,166,114,13
DIV-01281,20240403,S-004,776,215,184,13
DIV-01282,20230209,S-004,718,309,97,2
DIV-01283,20230321,S-005,228,71,30,14
DIV-01284,20230214,S-002,197,77,39,20
DIV-01285,20230530,S-002,519,192,155,9
DIV-01286,20231019,S-004,193,53,149,9
DIV-01287,20230811,S-004,702,179,114,21
DIV-01288,20240811,S-004,424,304,181,7
DIV-01289,20241221,S-003,578,289,157,11
DIV-01290,20230324,S-003,504,101,107,16
DIV-01291,20231216,S-002,268,122,194,12
DIV-01292,20230921,S-005,308,237,122,18
DIV-01293,20231231,S-003,198,271,73,18
DIV-01294,20240117,S-001,444,297,99,10
DIV-01295,20240920,S-002,755,136,120,21
DIV-01296,20240823,S-004,346,127,71,27
DIV-01297,20241015,S-003,472,264,87,23
DIV-01298,20240728,S-001,334,329,77,25
DIV-01299,20240513,S-001,616,315,90,29
DIV-01300,20240913,S-005,331,372,49,1
DIV-01301,20231208,S-002,472,274,60,28
DIV-01302,20230802,S-002,555,166,150,29
DIV-01303,20230418,S-003,354,122,164,14
DIV-01304,20241119,S-002,736,199,108,25
DIV-01305,20230201,S-004,565,352,195,15
DIV-01306,20231011,S-002,444,290,67,1
DIV-01307,20240226,S-001,478,144,107,24
DIV-01308,20231223,S-001,552,44,129,8
DIV-01309,20240914,S-004,358,273,168,17
DIV-01310,20230730,S-005,226,363,134,19
DIV-01311,20240102,S-002,290,89,130,24
DIV-01312,20241216,S-005,607,199,147,4
DIV-01313,20240114,S-004,277,364,56,17
DIV-01314,20240908,S-005,155,339,181,1
DIV-01315,20240930,S-003,734,275,187,27
DIV-01316,20240526,S-002,537,56,193,16
DIV-01317,20231124,S-004,512,80,169,18
DIV-01318,20231002,S-004,611,331,182,7
DIV-01319,20240730,S-001,767,276,16,14
DIV-01320,20230915,S-004,113,205,183,24
DIV-01321,20230719,S-001,119,128,171,26
DIV-01322,20240424,S-004,187,254,144,15
DIV-01323,20231111,S-004,746,219,173,24
DIV-01324,20230819,S-001,284,336,52,25
DIV-01325,20240926,S-004,591,350,40,16
DIV-01326,20231206,S-003,723,124,165,0
DIV-01327,20230827,S-002,729,253,10,3
DIV-01328,20240108,S-004,552,368,163,10
DIV-01329,20230324,S-004,474,87,156,18
DIV-01330,20241029,S-002,496,230,164,26
DIV-01331,20230114,S-005,684,307,75,3
DIV-01332,20240623,S-001,620,397,95,11
DIV-01333,20241225,S-005,372,133,23,5
DIV-01334,20241101,S-001,540,91,10,2
DIV-01335,20240529,S-002,422,261,17,5
DIV-01336,20231019,S-005,624,332,11,23
DIV-01337,20241122,S-005,767,221,21,26
DIV-01338,20240129,S-003,178,81,87,4
DIV-01339,20230114,S-002,286,175,66,25
DIV-01340,20230814,S-001,726,201,23,9
DIV-01341,20241215,S-001,575,49,126,12
DIV-01342,20230927,S-003,654,190,79,11
DIV-01343,20230203,S-003,739,334,14,22
DIV-01344,20230828,S-005,272,236,136,5
DIV-01345,20231104,S-001,735,77,18,14
DIV-01346,20240908,S-005,242,90,142,14
DIV-01347,20230128,S-004,453,296,116,5
DIV-01348,20230406,S-003,425,79,193,13
DIV-01349,20241110,S-005,366,101,67,11
DIV-01350,20231017,S-002,198,259,150,17
DIV-01351,20230719,S-003,522,346,124,26
DIV-01352,20230915,S-003,771,30,91,17
DIV-01353,20230407,S-001,381,187,49,9
DIV-01354,20240309,S-002,230,115,76,24
DIV-01355,20230825,S-003,769,286,164,29
DIV-01356,20230302,S-005,384,175,187,12
DIV-01357,20240529,S-001,105,388,99,3
DIV-01358,20230403,S-005,434,309,120,1
DIV-01359,20240624,S-004,471,380,154,28
DIV-01360,20240503,S-005,796,304,68,8
DIV-01361,20230513,S-002,330,151,87,11
DIV-01362,20231112,S-004,161,138,113,27
DIV-01363,20230722,S-002,543,94,79,7
DIV-01364,20241108,S-002,209,369,23,2
DIV-01365,20231028,S-005,734,366,161,5
DIV-01366,20231121,S-001,636,182,87,0
DIV-01367,20240706,S-001,110,363,117,25
DIV-01368,20231214,S-003,470,62,76,7
DIV-01369,20240122,S-004,608,226,44,18
DIV-01370,20240215,S-002,434,359,39,7
DIV-01371,20240807,S-004,261,58,82,1
DIV-01372,20231122,S-001,489,112,148,21
DIV-01373,20241208,S-003,571,364,138,1
DIV-01374,20230811,S-005,534,85,93,15
DIV-01375,20240601,S-005,725,390,128,1
DIV-01376,20230416,S-002,362,398,62,18
DIV-01377,20230731,S-004,614,351,31,22
DIV-01378,20230218,S-004,284,79,195,29
DIV-01379,20240215,S-003,550,97,93,25
DIV-01380,20240414,S-005,540,341,64,4
DIV-01381,20240514,S-005,407,216,117,19
DIV-01382,20230519,S-003,467,176,167,29
DIV-01383,20241028,S-004,727,45,116,28
DIV-01384,20230506,S-005,648,213,99,29
DIV-01385,20240816,S-003,755,223,51,1
DIV-01386,20241218,S-003,116,224,96,16
DIV-01387,20230101,S-004,646,206,61,22
DIV-01388,20240723,S-001,357,314,11,2
DIV-01389,20240710,S-005,760,100,32,22
DIV-01390,20230819,S-003,444,219,55,18
DIV-01391,20240715,S-005,350,61,108,1
DIV-01392,20240210,S-003,304,296,149,18
DIV-01393,20230416,S-003,193,225,176,7
DIV-01394,20230606,S-001,301,203,31,26
DIV-01395,20230525,S-004,773,95,193,18
DIV-01396,20241027,S-005,193,398,16,2
DIV-01397,20240811,S-001,645,241,195,22
DIV-01398,20241007,S-001,357,230,176,5
DIV-01399,20240408,S-004,454,360,132,17
DIV-01400,20240617,S-005,276,240,44,14
DIV-01401,20230903,S-001,269,225,47,21
DIV-01402,20241211,S-001,320,94,132,3
DIV-01403,20230923,S-005,179,120,31,9
DIV-01404,20240430,S-003,522,337,162,21
DIV-01405,20230326,S-003,686,359,183,7
DIV-01406,20230824,S-005,571,160,178,12
DIV-01407,20241201,S-001,521,119,17,3
DIV-01408,20230901,S-004,142,366,62,11
DIV-01409,20231206,S-001,486,349,153,27
DIV-01410,20240216,S-005,472,157,80,7
DIV-01411,20230626,S-003,378,313,147,10
DIV-01412,20230411,S-002,285,61,131,12
DIV-01413,20231229,S-003,386,262,54,25
DIV-01414,20241029,S-002,356,213,93,20
DIV-01415,20240221,S-002,371,182,77,27
DIV-01416,20240428,S-003,617,216,177,4
DIV-01417,20240907,S-001,350,293,148,1
DIV-01418,20231029,S-005,287,395,23,18
DIV-01419,20230614,S-005,760,179,30,17
DIV-01420,20231204,S-005,769,130,21,17
DIV-01421,20230513,S-003,258,386,179,10
DIV-01422,20230117,S-001,309,65,118,25
DIV-01423,20230126,S-002,485,255,59,1
DIV-01424,20230509,S-001,103,165,179,7
DIV-01425,20240229,S-005,509,30,28,15
DIV-01426,20241222,S-001,235,66,104,6
DIV-01427,20230325,S-002,107,359,33,10
DIV-01428,20240523,S-001,573,374,39,17
DIV-01429,20241218,S-005,167,346,104,0
DIV-01430,20230113,S-004,661,326,42,24
DIV-01431,20230507,S-005,485,30,145,28
DIV-01432,20231218,S-002,159,330,126,27
DIV-01433,20230720,S-003,400,264,159,29
DIV-01434,20241211,S-003,685,260,147,8
DIV-01435,20241213,S-001,657,275,73,27
DIV-01436,20230816,S-005,293,394,39,3
DIV-01437,20230227,S-005,626,320,148,24
DIV-01438,20240529,S-001,685,246,157,26
DIV-01439,20230225,S-003,374,331,23,17
DIV-01440,20241201,S-001,679,326,28,18
DIV-01441,20231214,S-002,627,383,49,26
DIV-01442,20230613,S-003,536,296,139,22
DIV-01443,20241209,S-003,561,222,111,12
DIV-01444,20240221,S-004,695,338,156,17
DIV-01445,20230925,S-002,612,171,129,3
DIV-01446,20230915,S-003,609,156,127,29
DIV-01447,20240131,S-001,176,277,78,13
DIV-01448,20240521,S-004,137,32,178,19
DIV-01449,20241017,S-002,236,75,54,22
DIV-01450,20231219,S-005,752,38,11,20
DIV-01451,20230811,S-003,426,139,74,10
DIV-01452,20240219,S-001,208,334,13,8
DIV-01453,20230301,S-003,546,263,12,26
DIV-01454,20240906,S-001,235,255,58,19
DIV-01455,20240320,S-001,134,205,137,17
DIV-01456,20240424,S-003,293,390,47,11
DIV-01457,20231001,S-005,313,308,40,1
DIV-01458,20240614,S-005,655,262,40,9
DIV-01459,20230205,S-003,767,212,39,8
DIV-01460,20230808,S-003,631,269,13,10
DIV-01461,20240312,S-001,674,274,119,2
DIV-01462,20231215,S-003,734,238,37,8
DIV-01463,20230714,S-005,794,166,196,8
DIV-01464,20240606,S-004,587,155,100,10
DIV-01465,20240626,S-005,587,83,22,16
DIV-01466,20240424,S-004,398,303,23,7
DIV-01467,20241023,S-004,370,103,167,11
DIV-01468,20240804,S-002,474,45,18,0
DIV-01469,20240829,S-004,175,191,75,13
DIV-01470,20230209,S-001,213,62,78,18
DIV-01471,20240520,S-003,181,308,165,29
DIV-01472,20230412,S-002,149,158,50,20
DIV-01473,20230920,S-004,609,46,140,10
DIV-01474,20231202,S-004,138,31,76,10
DIV-01475,20230618,S-002,323,195,195,25
DIV-01476,20231104,S-002,794,337,169,15
DIV-01477,20230814,S-001,708,340,124,22
DIV-01478,20240720,S-002,588,108,70,27
DIV-01479,20240401,S-004,320,103,68,28
DIV-01480,20231102,S-004,202,248,43,21
DIV-01481,20230908,S-004,784,197,191,8
DIV-01482,20240729,S-002,789,245,88,21
DIV-01483,20231106,S-004,179,102,183,24
DIV-01484,20230804,S-002,190,309,66,11
DIV-01485,20240803,S-004,324,114,14,21
DIV-01486,20231219,S-002,245,318,104,9
DIV-01487,20230924,S-002,508,148,120,3
DIV-01488,20240207,S-003,629,295,71,8
DIV-01489,20240729,S-002,323,369,69,22
DIV-01490,20240811,S-005,477,65,146,4
DIV-01491,20230720,S-005,167,86,105,19
DIV-01492,20240701,S-002,451,171,43,1
DIV-01493,20231025,S-004,101,391,188,2
DIV-01494,20240919,S-003,765,316,119,16
DIV-01495,20230203,S-001,773,118,20,8
DIV-01496,20230610,S-004,262,299,37,23
DIV-01497,20231012,S-005,479,280,127,25
DIV-01498,20241022,S-002,655,71,10,28
DIV-01499,20230818,S-003,448,239,133,20
DIV-01500,20231221,S-002,407,238,126,18
DIV-01501,20230813,S-003,684,228,178,4
DIV-01502,20230505,S-003,260,63,161,4
DIV-01503,20230403,S-001,491,261,50,0
DIV-01504,20241102,S-004,562,359,103,26
DIV-01505,20231005,S-001,673,171,139,5
DIV-01506,20230403,S-001,557,91,184,28
DIV-01507,20230417,S-005,789,378,18,7
DIV-01508,20240914,S-002,613,344,59,17
DIV-01509,20240814,S-002,777,372,133,12
DIV-01510,20241002,S-001,693,344,67,27
DIV-01511,20230225,S-001,790,89,153,20
DIV-01512,20241016,S-003,157,221,138,28
DIV-01513,20230418,S-004,207,116,155,25
DIV-01514,20240327,S-003,661,98,21,24
DIV-01515,20230721,S-002,176,305,95,12
DIV-01516,20240417,S-001,383,365,72,8
DIV-01517,20230511,S-002,605,121,124,1
DIV-01518,20241026,S-002,640,209,169,5
DIV-01519,20231101,S-005,661,112,57,18
DIV-01520,20241224,S-004,512,61,168,13
DIV-01521,20230412,S-004,387,224,48,12
DIV-01522,20240102,S-002,163,337,133,9
DIV-01523,20240203,S-002,460,370,138,28
DIV-01524,20240919,S-001,734,186,98,11
DIV-01525,20240211,S-002,795,118,127,24
DIV-01526,20230219,S-004,360,218,176,23
DIV-01527,20230430,S-001,439,37,182,25
DIV-01528,20240311,S-004,699,207,148,25
DIV-01529,20241121,S-005,426,68,186,15
DIV-01530,20230911,S-001,691,262,94,0
DIV-01531,20240905,S-005,268,60,161,3
DIV-01532,20240816,S-002,119,288,34,6
DIV-01533,20230921,S-003,144,82,121,28
DIV-01534,20240228,S-001,580,333,129,23
DIV-01535,20240520,S-004,209,170,38,22
DIV-01536,20240805,S-001,572,381,30,1
DIV-01537,20231110,S-003,284,383,51,20
DIV-01538,20240227,S-002,262,165,190,4
DIV-01539,20230610,S-005,511,164,125,24
DIV-01540,20231227,S-004,683,108,140,15
DIV-01541,20240308,S-005,387,246,120,17
DIV-01542,20240928,S-002,299,149,126,19
DIV-01543,20230419,S-005,783,295,73,28
DIV-01544,20230927,S-005,797,91,46,26
DIV-01545,20240713,S-005,305,312,125,18
DIV-01546,20240428,S-004,755,76,176,18
DIV-01547,20230427,S-001,135,293,132,24
DIV-01548,20230205,S-005,659,147,105,11
DIV-01549,20240917,S-003,732,75,142,1
DIV-01550,20241122,S-001,406,374,176,7
DIV-01551,20230905,S-003,313,265,20,16
DIV-01552,20230115,S-002,759,272,111,20
DIV-01553,20240311,S-003,331,143,104,4
DIV-01554,20230226,S-003,365,353,20,26
DIV-01555,20230401,S-004,317,51,165,16
DIV-01556,20241215,S-002,628,274,37,5
DIV-01557,20231021,S-005,177,242,84,11
DIV-01558,20240321,S-001,347,40,53,24
DIV-01559,20241024,S-005,177,350,139,5
DIV-01560,20231117,S-003,202,34,67,13
DIV-01561,20240823,S-003,696,305,176,21
DIV-01562,20231027,S-002,782,81,177,6
DIV-01563,20240330,S-005,353,134,68,18
DIV-01564,20240502,S-005,723,111,146,23
DIV-01565,20241211,S-003,157,217,96,10
DIV-01566,20240927,S-002,692,289,142,12
DIV-01567,20230710,S-001,155,229,132,25
DIV-01568,20240411,S-001,466,206,160,25
DIV-01569,20231029,S-005,112,39,12,8
DIV-01570,20230811,S-002,633,217,101,4
DIV-01571,20230409,S-001,753,251,46,16
DIV-01572,20230826,S-001,382,336,75,17
DIV-01573,20240406,S-003,572,156,159,14
DIV-01574,20241230,S-005,253,274,176,1
DIV-01575,20230514,S-004,542,80,164,25
DIV-01576,20230728,S-003,763,67,137,18
DIV-01577,20240416,S-002,370,313,86,7
DIV-01578,20230124,S-001,757,270,24,28
DIV-01579,20240726,S-001,725,291,94,29
DIV-01580,20241025,S-002,721,399,174,17
DIV-01581,20230205,S-002,396,378,112,2
DIV-01582,20230824,S-003,552,291,111,0
DIV-01583,20240923,S-003,789,65,62,7
DIV-01584,20240408,S-001,393,349,198,17
DIV-01585,20240410,S-001,423,51,37,21
DIV-01586,20230503,S-004,494,340,41,7
DIV-01587,20231211,S-001,413,75,178,8
DIV-01588,20231124,S-002,633,290,141,8
DIV-01589,20230218,S-001,114,220,11,0
DIV-01590,20230829,S-002,668,96,61,7
DIV-01591,20230827,S-001,334,251,193,20
DIV-01592,20240103,S-001,402,170,152,18
DIV-01593,20240609,S-001,246,283,67,29
DIV-01594,20231216,S-004,644,386,23,25
DIV-01595,20240204,S-001,417,368,72,7
DIV-01596,20230911,S-004,388,289,82,9
DIV-01597,20230506,S-001,385,260,115,17
DIV-01598,20240922,S-004,257,245,156,21
DIV-01599,20230306,S-001,727,355,45,22
DIV-01600,20240724,S-003,530,159,183,11
DIV-01601,20230327,S-005,419,357,112,23
DIV-01602,20240903,S-005,440,247,194,28
DIV-01603,20240706,S-003,582,49,22,12
DIV-01604,20230202,S-005,295,252,174,19
DIV-01605,20230111,S-004,736,284,96,21
DIV-01606,20240131,S-005,790,31,47,5
DIV-01607,20240203,S-003,792,39,73,7
DIV-01608,20240609,S-002,200,352,160,27
DIV-01609,20231119,S-004,169,348,190,15
DIV-01610,20230628,S-005,740,198,169,16
DIV-01611,20240620,S-001,543,111,158,0
DIV-01612,20231221,S-004,468,288,153,4
DIV-01613,20230611,S-005,751,323,194,1
DIV-01614,20241217,S-004,126,101,37,21
DIV-01615,20230708,S-004,351,66,25,20
DIV-01616,20231118,S-005,307,338,42,14
DIV-01617,20230627,S-001,553,88,192,24
DIV-01618,20231013,S-004,540,244,104,3
DIV-01619,20240611,S-001,603,83,16,6
DIV-01620,20230512,S-005,631,82,106,19
DIV-01621,20240603,S-004,359,213,168,10
DIV-01622,20231209,S-005,733,243,172,25
DIV-01623,20230313,S-004,305,285,118,1
DIV-01624,20231122,S-003,350,200,29,28
DIV-01625,20240919,S-002,310,282,40,5
DIV-01626,20240624,S-005,112,140,143,4
DIV-01627,20231219,S-003,343,257,67,0
DIV-01628,20241129,S-001,136,276,142,6
DIV-01629,20240817,S-005,280,138,14,29
DIV-01630,20230606,S-002,189,312,12,23
DIV-01631,20240428,S-002,550,145,160,18
DIV-01632,20231003,S-001,231,147,175,19
DIV-01633,20240309,S-002,175,360,43,0
DIV-01634,20241231,S-005,181,327,114,18
DIV-01635,20241022,S-004,426,96,160,8
DIV-01636,20240831,S-002,127,66,127,5
DIV-01637,20231022,S-005,643,288,132,0
DIV-01638,20240702,S-005,749,114,56,21
DIV-01639,20230703,S-005,256,323,15,18
DIV-01640,20240708,S-004,543,104,31,19
DIV-01641,20231018,S-004,291,384,148,16
DIV-01642,20230129,S-003,366,301,172,25
DIV-01643,20241001,S-003,224,290,96,6
DIV-01644,20240220,S-003,473,122,162,13
DIV-01645,20231127,S-001,792,167,48,12
DIV-01646,20240413,S-005,305,285,199,24
DIV-01647,20240503,S-004,590,153,77,26
DIV-01648,20240526,S-002,780,108,188,27
DIV-01649,20231010,S-004,543,270,86,13
DIV-01650,20240302,S-003,273,221,169,7
DIV-01651,20231128,S-001,444,186,82,16
DIV-01652,20240908,S-001,569,116,74,22
DIV-01653,20240613,S-005,676,241,193,16
DIV-01654,20240208,S-005,639,145,110,25
DIV-01655,20230615,S-002,165,232,110,1
DIV-01656,20240114,S-002,196,43,150,4
DIV-01657,20230403,S-005,175,183,154,28
DIV-01658,20240313,S-003,214,293,75,24
DIV-01659,20240319,S-001,624,83,128,27
DIV-01660,20230526,S-005,724,196,164,9
DIV-01661,20230809,S-001,309,196,182,29
DIV-01662,20230730,S-002,304,54,59,12
DIV-01663,20240307,S-001,584,313,15,29
DIV-01664,20240501,S-002,751,220,116,16
DIV-01665,20240913,S-004,799,281,86,21
DIV-01666,20240605,S-002,333,116,157,29
DIV-01667,20230921,S-004,149,64,167,7
DIV-01668,20240509,S-003,462,302,170,0
DIV-01669,20230109,S-001,424,354,21,19
DIV-01670,20240405,S-005,513,225,55,5
DIV-01671,20230604,S-003,139,314,87,16
DIV-01672,20231217,S-003,174,128,57,2
DIV-01673,20230708,S-002,415,159,177,26
DIV-01674,20230611,S-004,303,262,97,6
DIV-01675,20240923,S-001,434,245,14,14
DIV-01676,20240418,S-004,202,194,196,4
DIV-01677,20240316,S-005,241,167,54,23
DIV-01678,20231006,S-005,511,357,84,24
DIV-01679,20230811,S-003,643,372,119,5
DIV-01680,20240518,S-004,482,337,192,21
DIV-01681,20240802,S-001,233,100,175,20
DIV-01682,20230120,S-005,150,92,82,25
DIV-01683,20240120,S-003,207,159,97,5
DIV-01684,20241003,S-005,507,288,105,19
DIV-01685,20230705,S-004,722,38,163,11
DIV-01686,20230114,S-001,528,319,137,26
DIV-01687,20231016,S-001,626,273,168,10
DIV-01688,20240222,S-002,683,295,41,24
DIV-01689,20240810,S-001,545,127,42,6
DIV-01690,20230823,S-005,287,300,171,4
DIV-01691,20230315,S-002,324,338,136,0
DIV-01692,20230329,S-002,724,392,60,17
DIV-01693,20240503,S-001,481,324,189,12
DIV-01694,20240917,S-004,230,314,104,4
DIV-01695,20240223,S-005,506,127,152,18
DIV-01696,20240620,S-001,250,68,65,0
DIV-01697,20230617,S-005,335,332,199,1
DIV-01698,20240422,S-001,285,237,110,1
DIV-01699,20240408,S-003,154,321,133,23
DIV-01700,20230909,S-001,198,344,64,28
DIV-01701,20230214,S-001,775,86,196,5
DIV-01702,20240813,S-004,490,101,196,1
DIV-01703,20230914,S-004,138,221,172,14
DIV-01704,20230731,S-001,440,202,132,10
DIV-01705,20230503,S-005,174,65,89,27
DIV-01706,20241015,S-005,314,74,187,12
DIV-01707,20240817,S-003,277,316,84,20
DIV-01708,20230926,S-002,500,228,36,23
DIV-01709,20240304,S-003,285,186,34,20
DIV-01710,20240425,S-002,271,160,77,4
DIV-01711,20240205,S-001,523,127,131,6
DIV-01712,20230208,S-003,700,306,90,7
DIV-01713,20231125,S-002,628,215,112,4
DIV-01714,20241101,S-005,511,119,88,5
DIV-01715,20230325,S-001,183,218,194,8
DIV-01716,20230622,S-002,538,299,64,12
DIV-01717,20230413,S-001,776,123,75,9
DIV-01718,20230714,S-003,565,192,178,3
DIV-01719,20230627,S-005,464,229,56,17
DIV-01720,20240303,S-003,430,36,174,17
DIV-01721,20230827,S-001,346,102,85,24
DIV-01722,20240826,S-002,382,297,107,8
DIV-01723,20230707,S-005,316,47,23,13
DIV-01724,20240716,S-001,414,368,64,26
DIV-01725,20231031,S-003,628,203,189,6
DIV-01726,20240405,S-004,469,42,85,11
DIV-01727,20230324,S-002,743,178,77,8
DIV-01728,20240710,S-004,653,257,152,19
DIV-01729,20230425,S-004,629,180,55,13
DIV-01730,20240110,S-002,371,130,34,14
DIV-01731,20240222,S-003,772,263,157,2
DIV-01732,20240619,S-005,682,328,189,8
DIV-01733,20241010,S-002,401,363,16,28
DIV-01734,20241014,S-002,127,171,147,20
DIV-01735,20240531,S-003,760,245,129,21
DIV-01736,20241208,S-004,103,295,11,21
DIV-01737,20231224,S-001,565,284,108,0
DIV-01738,20230503,S-001,506,171,24,28
DIV-01739,20230515,S-005,542,109,123,7
DIV-01740,20230620,S-002,157,115,92,1
DIV-01741,20240517,S-002,106,267,70,9
DIV-01742,20240814,S-004,197,52,37,2
DIV-01743,20231209,S-003,511,359,75,10
DIV-01744,20240123,S-002,690,144,198,28
DIV-01745,20230803,S-004,323,242,126,27
DIV-01746,20230620,S-004,319,46,59,4
DIV-01747,20240727,S-005,730,72,68,26
DIV-01748,20240401,S-004,503,97,181,24
DIV-01749,20240124,S-003,590,197,115,28
DIV-01750,20230517,S-001,520,364,95,12
DIV-01751,20230806,S-004,667,320,65,0
DIV-01752,20230407,S-003,710,322,164,15
DIV-01753,20241209,S-005,314,287,199,18
DIV-01754,20230530,S-004,624,301,128,22
DIV-01755,20230125,S-002,714,150,168,3
DIV-01756,20240204,S-001,128,50,187,11
DIV-01757,20240205,S-004,722,329,28,14
DIV-01758,20230104,S-004,137,307,25,24
DIV-01759,20230808,S-001,218,129,22,8
DIV-01760,20241115,S-002,642,399,195,24
DIV-01761,20230214,S-001,677,311,98,23
DIV-01762,20241229,S-002,554,344,21,26
DIV-01763,20230507,S-003,556,365,185,4
DIV-01764,20230101,S-001,309,363,17,2
DIV-01765,20230605,S-002,120,221,64,27
DIV-01766,20240104,S-004,193,75,164,22
DIV-01767,20230627,S-002,490,206,111,12
DIV-01768,20240504,S-004,343,380,79,14
DIV-01769,20240909,S-003,722,183,148,7
DIV-01770,20241213,S-005,778,216,125,19
DIV-01771,20240213,S-001,375,75,101,12
DIV-01772,20240315,S-003,311,87,123,6
DIV-01773,20240111,S-002,170,277,104,16
DIV-01774,20230214,S-005,511,389,61,8
DIV-01775,20230722,S-005,269,212,155,19
DIV-01776,20241009,S-004,120,387,144,12
DIV-01777,20240617,S-004,567,232,49,8
DIV-01778,20230128,S-005,578,93,110,26
DIV-01779,20230613,S-001,788,206,176,17
DIV-01780,20241017,S-002,246,150,127,2
DIV-01781,20241222,S-001,747,177,127,10
DIV-01782,20240705,S-001,785,114,145,15
DIV-01783,20231218,S-002,784,191,110,4
DIV-01784,20230813,S-003,346,105,81,4
DIV-01785,20230607,S-003,382,190,154,15
DIV-01786,20231016,S-002,596,362,191,7
DIV-01787,20240629,S-001,177,143,181,24
DIV-01788,20231122,S-004,265,119,151,11
DIV-01789,20230424,S-002,797,42,111,6
DIV-01790,20230125,S-005,329,307,33,23
DIV-01791,20230704,S-005,647,137,186,17
DIV-01792,20241025,S-001,757,111,196,18
DIV-01793,20240213,S-005,268,351,18,17
DIV-01794,20230727,S-001,634,48,88,11
DIV-01795,20241109,S-005,280,342,38,20
DIV-01796,20240829,S-001,460,339,198,27
DIV-01797,20240209,S-001,258,244,66,20
DIV-01798,20230825,S-005,687,166,195,9
DIV-01799,20230404,S-004,739,102,118,18
DIV-01800,20230707,S-001,496,139,182,12
DIV-01801,20230501,S-004,530,259,31,3
DIV-01802,20240523,S-004,400,184,64,9
DIV-01803,20241218,S-003,299,268,16,26
DIV-01804,20240312,S-005,364,182,50,26
DIV-01805,20241030,S-004,694,297,107,13
DIV-01806,20230922,S-002,499,79,109,15
DIV-01807,20230730,S-005,114,134,22,0
DIV-01808,20230328,S-002,368,243,167,6
DIV-01809,20240916,S-003,272,272,17,8
DIV-01810,20240909,S-003,430,60,124,10
DIV-01811,20240123,S-005,227,31,32,24
DIV-01812,20230603,S-005,655,235,194,29
DIV-01813,20230529,S-002,448,332,154,14
DIV-01814,20230906,S-005,290,166,111,23
DIV-01815,20240822,S-003,202,245,21,25
DIV-01816,20240919,S-001,327,81,57,23
DIV-01817,20231214,S-003,396,124,139,10
DIV-01818,20240730,S-005,687,291,105,13
DIV-01819,20230618,S-005,291,335,139,2
DIV-01820,20241016,S-003,369,229,164,0
DIV-01821,20231024,S-002,431,398,83,0
DIV-01822,20241029,S-003,221,135,196,7
DIV-01823,20230330,S-003,644,88,196,7
DIV-01824,20230727,S-004,522,285,92,0
DIV-01825,20241107,S-003,105,69,138,4
DIV-01826,20240204,S-005,157,40,16,22
DIV-01827,20231029,S-003,274,396,93,24
DIV-01828,20231010,S-005,537,168,184,14
DIV-01829,20230603,S-005,225,119,124,29
DIV-01830,20231214,S-001,223,40,90,14
DIV-01831,20231128,S-005,391,138,197,9
DIV-01832,20241017,S-002,300,195,12,2
DIV-01833,20240516,S-003,158,351,53,27
DIV-01834,20231020,S-005,453,398,18,26
DIV-01835,20230406,S-004,136,355,47,6
DIV-01836,20230514,S-003,593,192,44,20
DIV-01837,20230222,S-004,262,315,112,8
DIV-01838,20230410,S-002,518,110,162,3
DIV-01839,20230710,S-002,290,129,154,1
DIV-01840,20230705,S-001,238,34,41,27
DIV-01841,20231114,S-001,473,285,117,12
DIV-01842,20240401,S-002,147,289,194,23
DIV-01843,20240202,S-001,270,120,44,14
DIV-01844,20241103,S-002,608,375,189,29
DIV-01845,20240212,S-005,656,243,94,3
DIV-01846,20240301,S-005,608,58,183,3
DIV-01847,20240325,S-002,294,229,148,6
DIV-01848,20240408,S-004,362,80,116,5
DIV-01849,20231212,S-001,452,262,84,3
DIV-01850,20241001,S-002,575,47,186,27
DIV-01851,20230829,S-005,796,214,87,12
DIV-01852,20231206,S-002,286,148,85,13
DIV-01853,20231026,S-002,236,378,75,3
DIV-01854,20240523,S-001,174,101,88,13
DIV-01855,20230329,S-005,649,141,154,18
DIV-01856,20230406,S-003,629,304,58,27
DIV-01857,20240811,S-005,242,159,15,27
DIV-01858,20240603,S-005,516,73,97,11
DIV-01859,20240419,S-005,182,384,172,25
DIV-01860,20241223,S-002,377,32,176,11
DIV-01861,20240817,S-002,678,366,139,27
DIV-01862,20240220,S-003,713,390,102,9
DIV-01863,20240403,S-004,558,139,147,8
DIV-01864,20241206,S-001,226,367,116,10
DIV-01865,20240106,S-005,274,285,45,15
DIV-01866,20240905,S-004,627,333,86,19
DIV-01867,20240916,S-005,102,336,22,16
DIV-01868,20231021,S-004,753,218,174,23
DIV-01869,20240609,S-002,290,209,191,23
DIV-01870,20240110,S-004,398,283,154,16
DIV-01871,20240110,S-003,678,118,59,2
DIV-01872,20240730,S-003,415,243,14,5
DIV-01873,20240913,S-003,600,239,180,7
DIV-01874,20230611,S-004,660,232,22,13
DIV-01875,20240904,S-001,577,94,81,2
DIV-01876,20231125,S-005,372,104,49,16
DIV-01877,20240509,S-003,430,241,92,8
DIV-01878,20240126,S-004,643,234,119,4
DIV-01879,20230309,S-001,622,349,131,21
DIV-01880,20230303,S-002,285,324,84,19
DIV-01881,20240117,S-001,290,228,58,6
DIV-01882,20230704,S-002,753,252,140,18
DIV-01883,20231116,S-001,169,249,52,6
DIV-01884,20240331,S-003,105,227,121,2
DIV-01885,20241225,S-004,548,239,102,24
DIV-01886,20230131,S-004,359,156,30,9
DIV-01887,20240729,S-002,503,361,67,2
DIV-01888,20231009,S-003,541,64,191,20
DIV-01889,20240404,S-001,545,78,176,13
DIV-01890,20240118,S-001,423,274,70,22
DIV-01891,20230513,S-005,213,87,96,27
DIV-01892,20230905,S-001,512,348,14,3
DIV-01893,20240619,S-004,574,342,105,27
DIV-01894,20230915,S-005,129,365,183,11
DIV-01895,20230430,S-004,119,178,34,2
DIV-01896,20240604,S-004,325,96,128,7
DIV-01897,20241207,S-003,532,44,158,8
DIV-01898,20240616,S-003,310,367,94,20
DIV-01899,20230829,S-003,444,241,75,19
DIV-01900,20230930,S-004,559,262,24,23
DIV-01901,20240214,S-005,724,299,105,21
DIV-01902,20231217,S-005,109,221,129,28
DIV-01903,20230601,S-003,345,233,82,9
DIV-01904,20230808,S-003,457,83,182,21
DIV-01905,20240809,S-004,381,308,131,8
DIV-01906,20230304,S-003,245,61,20,15
DIV-01907,20230715,S-004,364,395,94,23
DIV-01908,20230412,S-001,773,122,130,3
DIV-01909,20230929,S-005,217,298,139,16
DIV-01910,20230124,S-002,798,127,179,3
DIV-01911,20230726,S-001,241,214,186,5
DIV-01912,20241228,S-004,648,315,47,3
DIV-01913,20231023,S-003,370,325,22,23
DIV-01914,20240602,S-003,641,346,51,17
DIV-01915,20230817,S-001,328,331,80,23
DIV-01916,20231029,S-003,472,184,86,6
DIV-01917,20230127,S-003,281,294,78,7
DIV-01918,20230308,S-004,552,322,103,11
DIV-01919,20240816,S-005,253,296,146,15
DIV-01920,20240327,S-003,153,385,168,23
DIV-01921,20230304,S-001,309,65,104,29
DIV-01922,20240626,S-003,172,67,27,23
DIV-01923,20230201,S-003,381,104,117,19
DIV-01924,20230826,S-005,763,347,76,15
DIV-01925,20241004,S-001,246,368,57,23
DIV-01926,20230425,S-003,576,324,185,18
DIV-01927,20240106,S-002,413,112,39,6
DIV-01928,20231122,S-005,627,284,113,24
DIV-01929,20231116,S-005,480,381,118,7
DIV-01930,20240224,S-004,118,146,181,13
DIV-01931,20241106,S-004,619,205,34,9
DIV-01932,20240825,S-003,788,204,111,23
DIV-01933,20240816,S-003,472,117,91,17
DIV-01934,20240616,S-001,127,311,120,7
DIV-01935,20240713,S-002,312,394,115,28
DIV-01936,20230320,S-003,350,241,177,14
DIV-01937,20230916,S-005,430,96,178,21
DIV-01938,20230616,S-004,414,135,66,29
DIV-01939,20230615,S-002,452,73,135,29
DIV-01940,20230226,S-005,455,380,64,16
DIV-01941,20241204,S-001,335,379,197,21
DIV-01942,20231016,S-005,585,391,91,26
DIV-01943,20231024,S-001,764,386,77,7
DIV-01944,20240210,S-004,500,338,12,14
DIV-01945,20240508,S-004,514,372,141,1
DIV-01946,20241020,S-001,745,285,177,25
DIV-01947,20231207,S-005,715,341,50,19
DIV-01948,20231215,S-003,796,256,186,9
DIV-01949,20240331,S-003,709,38,175,5
DIV-01950,20240414,S-004,548,158,75,15
DIV-01951,20240906,S-002,395,389,179,24
DIV-01952,20240613,S-001,417,390,171,1
DIV-01953,20240801,S-002,639,351,110,20
DIV-01954,20231206,S-003,404,301,21,7
DIV-01955,20241001,S-004,622,88,153,22
DIV-01956,20231201,S-003,296,234,85,10
DIV-01957,20240810,S-005,782,52,150,8
DIV-01958,20230206,S-005,668,198,171,19
DIV-01959,20230606,S-005,200,240,100,16
DIV-01960,20230408,S-005,514,399,58,1
DIV-01961,20230516,S-002,597,182,110,3
DIV-01962,20230228,S-005,130,79,72,6
DIV-01963,20240219,S-004,589,172,49,25
DIV-01964,20230427,S-005,303,138,48,1
DIV-01965,20240602,S-002,439,377,133,4
DIV-01966,20230510,S-003,211,121,84,6
DIV-01967,20241123,S-003,666,84,101,28
DIV-01968,20240209,S-003,714,381,98,2
DIV-01969,20230113,S-003,717,78,10,0
DIV-01970,20240503,S-002,474,41,96,3
DIV-01971,20241029,S-005,215,119,86,19
DIV-01972,20241207,S-001,160,388,167,10
DIV-01973,20230125,S-004,583,380,140,29
DIV-01974,20240105,S-004,163,63,41,16
DIV-01975,20230302,S-001,590,375,130,21
DIV-01976,20231220,S-002,384,306,95,14
DIV-01977,20230110,S-002,658,109,84,5
DIV-01978,20240327,S-004,428,240,75,16
DIV-01979,20240817,S-004,109,100,91,9
DIV-01980,20230402,S-002,304,351,88,12
DIV-01981,20240509,S-003,336,186,139,6
DIV-01982,20231103,S-002,433,231,101,9
DIV-01983,20230927,S-001,787,257,195,2
DIV-01984,20240825,S-001,524,98,90,7
DIV-01985,20240422,S-002,241,244,123,6
DIV-01986,20240906,S-005,527,133,141,0
DIV-01987,20231021,S-004,425,264,11,3
DIV-01988,20240329,S-001,758,376,55,18
DIV-01989,20240115,S-005,294,303,18,2
DIV-01990,20240612,S-002,612,67,30,23
DIV-01991,20241220,S-005,598,167,144,17
DIV-01992,20230821,S-002,222,132,162,17
DIV-01993,20241109,S-005,268,306,49,17
DIV-01994,20231116,S-003,741,229,86,7
DIV-01995,20240129,S-003,217,374,72,28
DIV-01996,20240524,S-003,399,277,158,23
DIV-01997,20231118,S-004,608,280,113,12
DIV-01998,20240420,S-003,179,170,54,12
DIV-01999,20241002,S-002,239,132,151,17
DIV-02000,20240818,S-004,635,229,18,11
